promoter_id	Direction	promoter_start	promoter_end
TU185E-1516_promoter	-	3190152	3190252
TU185E-1743_promoter	-	3738438	3738538
TU185E-2197_promoter	-	3116142	3116242
TU185E-382_promoter	-	817866	817966
TU185E-5157_promoter	+	1952	2052
TU185E-5158_promoter	+	5140	5240
TU185E-5159_promoter	+	9814	9914
TU185E-5160_promoter	+	10787	10887
TU185E-5161_promoter	-	13558	13658
TU185E-5162_promoter	-	13995	14095
TU185E-5163_promoter	+	13989	14089
TU185E-5164_promoter	-	23181	23281
TU185E-5165_promoter	-	23737	23837
TU185E-5166_promoter	-	25444	25544
TU185E-5167_promoter	-	26881	26981
TU185E-5168_promoter	-	27442	27542
TU185E-5169_promoter	+	27495	27595
TU185E-5170_promoter	+	29622	29722
TU185E-5171_promoter	+	31089	31189
TU185E-5172_promoter	+	31957	32057
TU185E-5173_promoter	+	33124	33224
TU185E-5174_promoter	+	34195	34295
TU185E-5175_promoter	-	39829	39929
TU185E-5176_promoter	-	41202	41302
TU185E-5177_promoter	-	42351	42451
TU185E-5178_promoter	-	43365	43465
TU185E-5179_promoter	-	47207	47307
TU185E-5180_promoter	-	48100	48200
TU185E-5181_promoter	-	49939	50039
TU185E-5182_promoter	-	51124	51224
TU185E-5183_promoter	-	51727	51827
TU185E-5184_promoter	-	52697	52797
TU185E-5185_promoter	+	52731	52831
TU185E-5186_promoter	+	53563	53663
TU185E-5187_promoter	+	58092	58192
TU185E-5188_promoter	+	58486	58586
TU185E-5189_promoter	+	59022	59122
TU185E-5190_promoter	+	60296	60396
TU185E-5191_promoter	+	63100	63200
TU185E-5192_promoter	+	65452	65552
TU185E-5193_promoter	+	66823	66923
TU185E-5194_promoter	+	68520	68620
TU185E-5195_promoter	-	74511	74611
TU185E-5196_promoter	-	75198	75298
TU185E-5197_promoter	-	78896	78996
TU185E-5198_promoter	+	79386	79486
TU185E-5199_promoter	+	80524	80624
TU185E-5200_promoter	+	82648	82748
TU185E-5201_promoter	-	85572	85672
TU185E-5202_promoter	-	86466	86566
TU185E-5203_promoter	-	88004	88104
TU185E-5204_promoter	+	88104	88204
TU185E-5205_promoter	+	89475	89575
TU185E-5206_promoter	+	97658	97758
TU185E-5207_promoter	+	98380	98480
TU185E-5208_promoter	+	99584	99684
TU185E-5209_promoter	+	100483	100583
TU185E-5210_promoter	-	103663	103763
TU185E-5211_promoter	-	104663	104763
TU185E-5212_promoter	-	105215	105315
TU185E-5213_promoter	+	105224	105324
TU185E-5214_promoter	+	117614	117714
TU185E-5215_promoter	-	130541	130641
TU185E-5216_promoter	-	131104	131204
TU185E-5217_promoter	+	131282	131382
TU185E-5218_promoter	+	132920	133020
TU185E-5219_promoter	+	133850	133950
TU185E-5220_promoter	+	136189	136289
TU185E-5221_promoter	+	137219	137319
TU185E-5222_promoter	-	147771	147871
TU185E-5223_promoter	-	148342	148442
TU185E-5224_promoter	+	148391	148491
TU185E-5225_promoter	+	149433	149533
TU185E-5226_promoter	+	151048	151148
TU185E-5227_promoter	+	152224	152324
TU185E-5228_promoter	+	155567	155667
TU185E-5229_promoter	-	159658	159758
TU185E-5230_promoter	-	160782	160882
TU185E-5231_promoter	+	160769	160869
TU185E-5232_promoter	+	161671	161771
TU185E-5233_promoter	+	165223	165323
TU185E-5234_promoter	+	166810	166910
TU185E-5235_promoter	+	170184	170284
TU185E-5236_promoter	+	171115	171215
TU185E-5237_promoter	+	172111	172211
TU185E-5238_promoter	+	173138	173238
TU185E-5239_promoter	+	174733	174833
TU185E-5240_promoter	-	176952	177052
TU185E-5241_promoter	-	180896	180996
TU185E-5242_promoter	-	183198	183298
TU185E-5243_promoter	+	183522	183622
TU185E-5244_promoter	-	188839	188939
TU185E-5245_promoter	-	190439	190539
TU185E-5246_promoter	+	193017	193117
TU185E-5247_promoter	+	193526	193626
TU185E-5248_promoter	+	194893	194993
TU185E-5249_promoter	+	196761	196861
TU185E-5250_promoter	-	210812	210912
TU185E-5251_promoter	-	214140	214240
TU185E-5252_promoter	+	213988	214088
TU185E-5253_promoter	+	214869	214969
TU185E-5254_promoter	+	216169	216269
TU185E-5255_promoter	+	218605	218705
TU185E-5256_promoter	+	219386	219486
TU185E-5257_promoter	+	221771	221871
TU185E-5258_promoter	+	222189	222289
TU185E-5259_promoter	+	223507	223607
TU185E-5260_promoter	+	226778	226878
TU185E-5261_promoter	+	230799	230899
TU185E-5262_promoter	+	231547	231647
TU185E-5263_promoter	+	236450	236550
TU185E-5264_promoter	-	241292	241392
TU185E-5265_promoter	-	247318	247418
TU185E-5266_promoter	-	248906	249006
TU185E-5267_promoter	+	248938	249038
TU185E-5268_promoter	+	251682	251782
TU185E-5269_promoter	-	255950	256050
TU185E-5270_promoter	+	260824	260924
TU185E-5271_promoter	+	263967	264067
TU185E-5272_promoter	-	267764	267864
TU185E-5273_promoter	-	268627	268727
TU185E-5274_promoter	-	272839	272939
TU185E-5275_promoter	-	275963	276063
TU185E-5276_promoter	+	275958	276058
TU185E-5277_promoter	+	277799	277899
TU185E-5278_promoter	-	286851	286951
TU185E-5279_promoter	-	287071	287171
TU185E-5280_promoter	+	287086	287186
TU185E-5281_promoter	+	288328	288428
TU185E-5282_promoter	+	289004	289104
TU185E-5283_promoter	-	292029	292129
TU185E-5284_promoter	+	292071	292171
TU185E-5285_promoter	+	293504	293604
TU185E-5286_promoter	+	295905	296005
TU185E-5287_promoter	+	296709	296809
TU185E-5288_promoter	-	301655	301755
TU185E-5289_promoter	-	302028	302128
TU185E-5290_promoter	-	302652	302752
TU185E-5291_promoter	+	302766	302866
TU185E-5292_promoter	-	309547	309647
TU185E-5293_promoter	-	312659	312759
TU185E-5294_promoter	-	314168	314268
TU185E-5295_promoter	-	316415	316515
TU185E-5296_promoter	-	321154	321254
TU185E-5297_promoter	-	323273	323373
TU185E-5298_promoter	-	324531	324631
TU185E-5299_promoter	-	328461	328561
TU185E-5300_promoter	-	330325	330425
TU185E-5301_promoter	-	336310	336410
TU185E-5302_promoter	-	339073	339173
TU185E-5303_promoter	+	339264	339364
TU185E-5304_promoter	+	342030	342130
TU185E-5305_promoter	+	351425	351525
TU185E-5306_promoter	+	352983	353083
TU185E-5307_promoter	-	361155	361255
TU185E-5308_promoter	+	361234	361334
TU185E-5309_promoter	+	363152	363252
TU185E-5310_promoter	+	363726	363826
TU185E-5311_promoter	+	364505	364605
TU185E-5312_promoter	-	372764	372864
TU185E-5313_promoter	-	375711	375811
TU185E-5314_promoter	+	377013	377113
TU185E-5315_promoter	+	377831	377931
TU185E-5316_promoter	+	379072	379172
TU185E-5317_promoter	+	380456	380556
TU185E-5318_promoter	+	382390	382490
TU185E-5319_promoter	+	383502	383602
TU185E-5320_promoter	+	384435	384535
TU185E-5321_promoter	-	385943	386043
TU185E-5322_promoter	-	387099	387199
TU185E-5323_promoter	+	387048	387148
TU185E-5324_promoter	+	387788	387888
TU185E-5325_promoter	+	389160	389260
TU185E-5326_promoter	+	391252	391352
TU185E-5327_promoter	-	396087	396187
TU185E-5328_promoter	+	396101	396201
TU185E-5329_promoter	+	397342	397442
TU185E-5330_promoter	-	405841	405941
TU185E-5331_promoter	-	408448	408548
TU185E-5332_promoter	+	408534	408634
TU185E-5333_promoter	+	409262	409362
TU185E-5334_promoter	+	417204	417304
TU185E-5335_promoter	+	419735	419835
TU185E-5336_promoter	-	424694	424794
TU185E-5337_promoter	-	434679	434779
TU185E-5338_promoter	-	436769	436869
TU185E-5339_promoter	+	436760	436860
TU185E-5340_promoter	+	438722	438822
TU185E-5341_promoter	+	439771	439871
TU185E-5342_promoter	-	445233	445333
TU185E-5343_promoter	-	447046	447146
TU185E-5344_promoter	-	453154	453254
TU185E-5345_promoter	-	454372	454472
TU185E-5346_promoter	+	454321	454421
TU185E-5347_promoter	+	455537	455637
TU185E-5348_promoter	+	455877	455977
TU185E-5349_promoter	-	456819	456919
TU185E-5350_promoter	-	458380	458480
TU185E-5351_promoter	-	459315	459415
TU185E-5352_promoter	-	462002	462102
TU185E-5353_promoter	+	462035	462135
TU185E-5354_promoter	+	463311	463411
TU185E-5355_promoter	-	467406	467506
TU185E-5356_promoter	-	468001	468101
TU185E-5357_promoter	+	468235	468335
TU185E-5358_promoter	+	474840	474940
TU185E-5359_promoter	+	475716	475816
TU185E-5360_promoter	+	476294	476394
TU185E-5361_promoter	-	479753	479853
TU185E-5362_promoter	-	483656	483756
TU185E-5363_promoter	+	483877	483977
TU185E-5364_promoter	+	490683	490783
TU185E-5365_promoter	-	499619	499719
TU185E-5366_promoter	+	501048	501148
TU185E-5367_promoter	+	503396	503496
TU185E-5368_promoter	+	504986	505086
TU185E-5369_promoter	-	506971	507071
TU185E-5370_promoter	-	510225	510325
TU185E-5371_promoter	-	510652	510752
TU185E-5372_promoter	-	515321	515421
TU185E-5373_promoter	-	515816	515916
TU185E-5374_promoter	-	518396	518496
TU185E-5375_promoter	+	518633	518733
TU185E-5376_promoter	+	521414	521514
TU185E-5377_promoter	-	526082	526182
TU185E-5378_promoter	-	528314	528414
TU185E-5379_promoter	-	532214	532314
TU185E-5380_promoter	-	533789	533889
TU185E-5381_promoter	-	534396	534496
TU185E-5382_promoter	-	537169	537269
TU185E-5383_promoter	-	541910	542010
TU185E-5384_promoter	+	542042	542142
TU185E-5385_promoter	+	543074	543174
TU185E-5386_promoter	+	544735	544835
TU185E-5387_promoter	-	545821	545921
TU185E-5388_promoter	-	546803	546903
TU185E-5389_promoter	-	547517	547617
TU185E-5390_promoter	-	549607	549707
TU185E-5391_promoter	+	549575	549675
TU185E-5392_promoter	+	551649	551749
TU185E-5393_promoter	+	552514	552614
TU185E-5394_promoter	-	556306	556406
TU185E-5395_promoter	+	556358	556458
TU185E-5396_promoter	+	557427	557527
TU185E-5397_promoter	+	558795	558895
TU185E-5398_promoter	+	559788	559888
TU185E-5399_promoter	-	561711	561811
TU185E-5400_promoter	-	563427	563527
TU185E-5401_promoter	+	563464	563564
TU185E-5402_promoter	+	564921	565021
TU185E-5403_promoter	+	565697	565797
TU185E-5404_promoter	+	566408	566508
TU185E-5405_promoter	-	569806	569906
TU185E-5406_promoter	-	570512	570612
TU185E-5407_promoter	+	570439	570539
TU185E-5408_promoter	+	571610	571710
TU185E-5409_promoter	+	573884	573984
TU185E-5410_promoter	+	574933	575033
TU185E-5411_promoter	+	575248	575348
TU185E-5412_promoter	+	577564	577664
TU185E-5413_promoter	+	578326	578426
TU185E-5414_promoter	+	579249	579349
TU185E-5415_promoter	+	580709	580809
TU185E-5416_promoter	-	584690	584790
TU185E-5417_promoter	+	586294	586394
TU185E-5418_promoter	+	591011	591111
TU185E-5419_promoter	+	591375	591475
TU185E-5420_promoter	+	591554	591654
TU185E-5421_promoter	-	595302	595402
TU185E-5422_promoter	-	596585	596685
TU185E-5423_promoter	+	596659	596759
TU185E-5424_promoter	+	600341	600441
TU185E-5425_promoter	+	604502	604602
TU185E-5426_promoter	+	606451	606551
TU185E-5427_promoter	+	608646	608746
TU185E-5428_promoter	+	610088	610188
TU185E-5429_promoter	+	612155	612255
TU185E-5430_promoter	+	612938	613038
TU185E-5431_promoter	+	614735	614835
TU185E-5432_promoter	+	620807	620907
TU185E-5433_promoter	+	622229	622329
TU185E-5434_promoter	+	622693	622793
TU185E-5435_promoter	-	625480	625580
TU185E-5436_promoter	-	626440	626540
TU185E-5437_promoter	+	626357	626457
TU185E-5438_promoter	+	629940	630040
TU185E-5439_promoter	+	631643	631743
TU185E-5440_promoter	-	635875	635975
TU185E-5441_promoter	-	637463	637563
TU185E-5442_promoter	-	637969	638069
TU185E-5443_promoter	-	639956	640056
TU185E-5444_promoter	-	640904	641004
TU185E-5445_promoter	-	642811	642911
TU185E-5446_promoter	+	642789	642889
TU185E-5447_promoter	+	646198	646298
TU185E-5448_promoter	+	648436	648536
TU185E-5449_promoter	-	652755	652855
TU185E-5450_promoter	+	652671	652771
TU185E-5451_promoter	+	653779	653879
TU185E-5452_promoter	-	655949	656049
TU185E-5453_promoter	-	657470	657570
TU185E-5454_promoter	-	658039	658139
TU185E-5455_promoter	+	658009	658109
TU185E-5456_promoter	+	658221	658321
TU185E-5457_promoter	+	659350	659450
TU185E-5458_promoter	+	660903	661003
TU185E-5459_promoter	-	664818	664918
TU185E-5460_promoter	-	665383	665483
TU185E-5461_promoter	-	668394	668494
TU185E-5462_promoter	-	669745	669845
TU185E-5463_promoter	+	669748	669848
TU185E-5464_promoter	+	677610	677710
TU185E-5465_promoter	+	684310	684410
TU185E-5466_promoter	-	695485	695585
TU185E-5467_promoter	-	696903	697003
TU185E-5468_promoter	-	697800	697900
TU185E-5469_promoter	-	698410	698510
TU185E-5470_promoter	-	698994	699094
TU185E-5471_promoter	-	699799	699899
TU185E-5472_promoter	+	699756	699856
TU185E-5473_promoter	+	700139	700239
TU185E-5474_promoter	+	701306	701406
TU185E-5475_promoter	+	702713	702813
TU185E-5476_promoter	+	703144	703244
TU185E-5477_promoter	+	704087	704187
TU185E-5478_promoter	-	705909	706009
TU185E-5479_promoter	-	706344	706444
TU185E-5480_promoter	+	709256	709356
TU185E-5481_promoter	+	710682	710782
TU185E-5482_promoter	+	711436	711536
TU185E-5483_promoter	+	714102	714202
TU185E-5484_promoter	+	715270	715370
TU185E-5485_promoter	+	716310	716410
TU185E-5486_promoter	+	717925	718025
TU185E-5487_promoter	-	719912	720012
TU185E-5488_promoter	-	728306	728406
TU185E-5489_promoter	-	729278	729378
TU185E-5490_promoter	-	730166	730266
TU185E-5491_promoter	-	731033	731133
TU185E-5492_promoter	+	731013	731113
TU185E-5493_promoter	+	731394	731494
TU185E-5494_promoter	+	731830	731930
TU185E-5495_promoter	+	733424	733524
TU185E-5496_promoter	+	733637	733737
TU185E-5497_promoter	+	734922	735022
TU185E-5498_promoter	+	735417	735517
TU185E-5499_promoter	-	740187	740287
TU185E-5500_promoter	-	742617	742717
TU185E-5501_promoter	+	742619	742719
TU185E-5502_promoter	+	748176	748276
TU185E-5503_promoter	+	749900	750000
TU185E-5504_promoter	-	753367	753467
TU185E-5505_promoter	-	753617	753717
TU185E-5506_promoter	-	754409	754509
TU185E-5507_promoter	-	755225	755325
TU185E-5508_promoter	-	756023	756123
TU185E-5509_promoter	+	756037	756137
TU185E-5510_promoter	+	759707	759807
TU185E-5511_promoter	+	763270	763370
TU185E-5512_promoter	+	769692	769792
TU185E-5513_promoter	+	771384	771484
TU185E-5514_promoter	-	778905	779005
TU185E-5515_promoter	-	780416	780516
TU185E-5516_promoter	+	780621	780721
TU185E-5517_promoter	+	781460	781560
TU185E-5518_promoter	+	782385	782485
TU185E-5519_promoter	+	784721	784821
TU185E-5520_promoter	+	786049	786149
TU185E-5521_promoter	+	786999	787099
TU185E-5522_promoter	-	789411	789511
TU185E-5523_promoter	-	791666	791766
TU185E-5524_promoter	+	791558	791658
TU185E-5525_promoter	+	794615	794715
TU185E-5526_promoter	+	795419	795519
TU185E-5527_promoter	+	798733	798833
TU185E-5528_promoter	+	799529	799629
TU185E-5529_promoter	+	800387	800487
TU185E-5530_promoter	+	802428	802528
TU185E-5531_promoter	+	806235	806335
TU185E-5532_promoter	+	808646	808746
TU185E-5533_promoter	+	809846	809946
TU185E-5534_promoter	+	811273	811373
TU185E-5535_promoter	+	812876	812976
TU185E-5536_promoter	-	818444	818544
TU185E-5537_promoter	-	819640	819740
TU185E-5538_promoter	-	821476	821576
TU185E-5539_promoter	+	821407	821507
TU185E-5540_promoter	+	824700	824800
TU185E-5541_promoter	+	827443	827543
TU185E-5542_promoter	+	828040	828140
TU185E-5543_promoter	+	829107	829207
TU185E-5544_promoter	+	829962	830062
TU185E-5545_promoter	+	830755	830855
TU185E-5546_promoter	+	831676	831776
TU185E-5547_promoter	+	832434	832534
TU185E-5548_promoter	+	832881	832981
TU185E-5549_promoter	-	834946	835046
TU185E-5550_promoter	+	835054	835154
TU185E-5551_promoter	+	838351	838451
TU185E-5552_promoter	+	840847	840947
TU185E-5553_promoter	-	845953	846053
TU185E-5554_promoter	-	850040	850140
TU185E-5555_promoter	-	850527	850627
TU185E-5556_promoter	-	851466	851566
TU185E-5557_promoter	+	851508	851608
TU185E-5558_promoter	+	852296	852396
TU185E-5559_promoter	-	854157	854257
TU185E-5560_promoter	-	855826	855926
TU185E-5561_promoter	-	860710	860810
TU185E-5562_promoter	+	860812	860912
TU185E-5563_promoter	+	863156	863256
TU185E-5564_promoter	-	867389	867489
TU185E-5565_promoter	-	868351	868451
TU185E-5566_promoter	+	869908	870008
TU185E-5567_promoter	+	873243	873343
TU185E-5568_promoter	+	874632	874732
TU185E-5569_promoter	+	878538	878638
TU185E-5570_promoter	+	881359	881459
TU185E-5571_promoter	+	882424	882524
TU185E-5572_promoter	-	886646	886746
TU185E-5573_promoter	+	888972	889072
TU185E-5574_promoter	+	890288	890388
TU185E-5575_promoter	-	893273	893373
TU185E-5576_promoter	+	893218	893318
TU185E-5577_promoter	+	895720	895820
TU185E-5578_promoter	+	898731	898831
TU185E-5579_promoter	+	901535	901635
TU185E-5580_promoter	+	902011	902111
TU185E-5581_promoter	-	905087	905187
TU185E-5582_promoter	-	906340	906440
TU185E-5583_promoter	-	908018	908118
TU185E-5584_promoter	-	909318	909418
TU185E-5585_promoter	-	910842	910942
TU185E-5586_promoter	+	910872	910972
TU185E-5587_promoter	+	912626	912726
TU185E-5588_promoter	-	914199	914299
TU185E-5589_promoter	-	916311	916411
TU185E-5590_promoter	-	917646	917746
TU185E-5591_promoter	-	918750	918850
TU185E-5592_promoter	-	921133	921233
TU185E-5593_promoter	-	921613	921713
TU185E-5594_promoter	+	921475	921575
TU185E-5595_promoter	+	921870	921970
TU185E-5596_promoter	-	923709	923809
TU185E-5597_promoter	-	923875	923975
TU185E-5598_promoter	+	923899	923999
TU185E-5599_promoter	+	924851	924951
TU185E-5600_promoter	-	932932	933032
TU185E-5601_promoter	-	934031	934131
TU185E-5602_promoter	+	934620	934720
TU185E-5603_promoter	+	935477	935577
TU185E-5604_promoter	+	937493	937593
TU185E-5605_promoter	+	938012	938112
TU185E-5606_promoter	+	944243	944343
TU185E-5607_promoter	+	944838	944938
TU185E-5608_promoter	+	951083	951183
TU185E-5609_promoter	+	952725	952825
TU185E-5610_promoter	+	954977	955077
TU185E-5611_promoter	-	960151	960251
TU185E-5612_promoter	-	962612	962712
TU185E-5613_promoter	+	962499	962599
TU185E-5614_promoter	-	965535	965635
TU185E-5615_promoter	-	967733	967833
TU185E-5616_promoter	-	973706	973806
TU185E-5617_promoter	-	975937	976037
TU185E-5618_promoter	-	978203	978303
TU185E-5619_promoter	-	978756	978856
TU185E-5620_promoter	+	978834	978934
TU185E-5621_promoter	-	981267	981367
TU185E-5622_promoter	-	982554	982654
TU185E-5623_promoter	+	982662	982762
TU185E-5624_promoter	-	989861	989961
TU185E-5625_promoter	-	993455	993555
TU185E-5626_promoter	+	996424	996524
TU185E-5627_promoter	+	997682	997782
TU185E-5628_promoter	+	999372	999472
TU185E-5629_promoter	-	1002704	1002804
TU185E-5630_promoter	+	1002712	1002812
TU185E-5631_promoter	-	1006562	1006662
TU185E-5632_promoter	-	1008180	1008280
TU185E-5633_promoter	+	1008107	1008207
TU185E-5634_promoter	+	1010036	1010136
TU185E-5635_promoter	+	1014581	1014681
TU185E-5636_promoter	+	1015298	1015398
TU185E-5637_promoter	+	1016136	1016236
TU185E-5638_promoter	-	1019965	1020065
TU185E-5639_promoter	-	1021643	1021743
TU185E-5640_promoter	+	1021987	1022087
TU185E-5641_promoter	+	1024111	1024211
TU185E-5642_promoter	-	1025393	1025493
TU185E-5643_promoter	-	1026816	1026916
TU185E-5644_promoter	+	1027004	1027104
TU185E-5645_promoter	-	1032633	1032733
TU185E-5646_promoter	-	1033786	1033886
TU185E-5647_promoter	-	1034631	1034731
TU185E-5648_promoter	+	1034803	1034903
TU185E-5649_promoter	-	1041048	1041148
TU185E-5650_promoter	+	1041164	1041264
TU185E-5651_promoter	+	1046036	1046136
TU185E-5652_promoter	-	1051459	1051559
TU185E-5653_promoter	-	1052317	1052417
TU185E-5654_promoter	+	1053665	1053765
TU185E-5655_promoter	-	1056685	1056785
TU185E-5656_promoter	-	1057530	1057630
TU185E-5657_promoter	-	1057963	1058063
TU185E-5658_promoter	+	1061864	1061964
TU185E-5659_promoter	+	1065027	1065127
TU185E-5660_promoter	+	1067461	1067561
TU185E-5661_promoter	+	1069783	1069883
TU185E-5662_promoter	+	1073227	1073327
TU185E-5663_promoter	+	1073974	1074074
TU185E-5664_promoter	-	1075114	1075214
TU185E-5665_promoter	-	1076097	1076197
TU185E-5666_promoter	-	1076678	1076778
TU185E-5667_promoter	-	1077835	1077935
TU185E-5668_promoter	+	1077875	1077975
TU185E-5669_promoter	+	1078291	1078391
TU185E-5670_promoter	+	1078643	1078743
TU185E-5671_promoter	-	1090175	1090275
TU185E-5672_promoter	-	1094356	1094456
TU185E-5673_promoter	-	1094864	1094964
TU185E-5674_promoter	+	1096722	1096822
TU185E-5675_promoter	+	1098966	1099066
TU185E-5676_promoter	+	1101703	1101803
TU185E-5677_promoter	-	1107382	1107482
TU185E-5678_promoter	-	1108099	1108199
TU185E-5679_promoter	-	1108504	1108604
TU185E-5680_promoter	-	1109171	1109271
TU185E-5681_promoter	+	1109172	1109272
TU185E-5682_promoter	+	1110169	1110269
TU185E-5683_promoter	+	1111512	1111612
TU185E-5684_promoter	+	1112284	1112384
TU185E-5685_promoter	+	1113411	1113511
TU185E-5686_promoter	+	1114193	1114293
TU185E-5687_promoter	-	1122148	1122248
TU185E-5688_promoter	-	1123598	1123698
TU185E-5689_promoter	+	1126989	1127089
TU185E-5690_promoter	+	1127991	1128091
TU185E-5691_promoter	+	1129052	1129152
TU185E-5692_promoter	+	1130091	1130191
TU185E-5693_promoter	+	1131525	1131625
TU185E-5694_promoter	-	1134568	1134668
TU185E-5695_promoter	-	1136481	1136581
TU185E-5696_promoter	-	1138147	1138247
TU185E-5697_promoter	+	1138215	1138315
TU185E-5698_promoter	+	1138867	1138967
TU185E-5699_promoter	+	1143636	1143736
TU185E-5700_promoter	+	1144464	1144564
TU185E-5701_promoter	-	1151686	1151786
TU185E-5702_promoter	+	1151820	1151920
TU185E-5703_promoter	-	1158736	1158836
TU185E-5704_promoter	-	1159307	1159407
TU185E-5705_promoter	-	1160433	1160533
TU185E-5706_promoter	-	1161151	1161251
TU185E-5707_promoter	-	1162472	1162572
TU185E-5708_promoter	-	1163376	1163476
TU185E-5709_promoter	-	1165435	1165535
TU185E-5710_promoter	-	1165499	1165599
TU185E-5711_promoter	-	1166806	1166906
TU185E-5712_promoter	+	1166953	1167053
TU185E-5713_promoter	+	1172286	1172386
TU185E-5714_promoter	+	1172781	1172881
TU185E-5715_promoter	+	1175125	1175225
TU185E-5716_promoter	+	1175623	1175723
TU185E-5717_promoter	+	1176828	1176928
TU185E-5718_promoter	+	1177528	1177628
TU185E-5719_promoter	+	1179296	1179396
TU185E-5720_promoter	+	1180584	1180684
TU185E-5721_promoter	+	1182291	1182391
TU185E-5722_promoter	+	1183408	1183508
TU185E-5723_promoter	-	1186823	1186923
TU185E-5724_promoter	-	1187323	1187423
TU185E-5725_promoter	+	1187335	1187435
TU185E-5726_promoter	-	1190424	1190524
TU185E-5727_promoter	-	1192148	1192248
TU185E-5728_promoter	-	1196092	1196192
TU185E-5729_promoter	+	1196179	1196279
TU185E-5730_promoter	+	1197131	1197231
TU185E-5731_promoter	-	1199373	1199473
TU185E-5732_promoter	-	1200370	1200470
TU185E-5733_promoter	+	1200667	1200767
TU185E-5734_promoter	+	1201617	1201717
TU185E-5735_promoter	+	1203213	1203313
TU185E-5736_promoter	-	1205798	1205898
TU185E-5737_promoter	-	1206418	1206518
TU185E-5738_promoter	+	1206420	1206520
TU185E-5739_promoter	+	1210495	1210595
TU185E-5740_promoter	+	1211460	1211560
TU185E-5741_promoter	+	1213940	1214040
TU185E-5742_promoter	+	1214413	1214513
TU185E-5743_promoter	+	1215417	1215517
TU185E-5744_promoter	+	1215499	1215599
TU185E-5745_promoter	+	1216369	1216469
TU185E-5746_promoter	-	1220186	1220286
TU185E-5747_promoter	-	1220487	1220587
TU185E-5748_promoter	+	1220474	1220574
TU185E-5749_promoter	+	1221859	1221959
TU185E-5750_promoter	+	1222897	1222997
TU185E-5751_promoter	+	1224285	1224385
TU185E-5752_promoter	-	1228684	1228784
TU185E-5753_promoter	-	1230548	1230648
TU185E-5754_promoter	-	1231291	1231391
TU185E-5755_promoter	+	1231201	1231301
TU185E-5756_promoter	+	1232211	1232311
TU185E-5757_promoter	-	1236095	1236195
TU185E-5758_promoter	+	1238155	1238255
TU185E-5759_promoter	+	1239316	1239416
TU185E-5760_promoter	+	1240087	1240187
TU185E-5761_promoter	+	1240903	1241003
TU185E-5762_promoter	-	1243504	1243604
TU185E-5763_promoter	+	1243607	1243707
TU185E-5764_promoter	+	1247027	1247127
TU185E-5765_promoter	-	1251404	1251504
TU185E-5766_promoter	-	1252972	1253072
TU185E-5767_promoter	-	1254534	1254634
TU185E-5768_promoter	+	1254455	1254555
TU185E-5769_promoter	+	1264214	1264314
TU185E-5770_promoter	+	1264506	1264606
TU185E-5771_promoter	-	1266985	1267085
TU185E-5772_promoter	-	1269958	1270058
TU185E-5773_promoter	+	1269962	1270062
TU185E-5774_promoter	+	1272323	1272423
TU185E-5775_promoter	+	1274800	1274900
TU185E-5776_promoter	+	1277793	1277893
TU185E-5777_promoter	-	1281484	1281584
TU185E-5778_promoter	+	1281329	1281429
TU185E-5779_promoter	+	1282206	1282306
TU185E-5780_promoter	+	1286495	1286595
TU185E-5781_promoter	+	1287228	1287328
TU185E-5782_promoter	+	1296052	1296152
TU185E-5783_promoter	-	1298692	1298792
TU185E-5784_promoter	-	1300124	1300224
TU185E-5785_promoter	+	1300204	1300304
TU185E-5786_promoter	+	1301207	1301307
TU185E-5787_promoter	-	1306001	1306101
TU185E-5788_promoter	-	1308792	1308892
TU185E-5789_promoter	+	1308905	1309005
TU185E-5790_promoter	+	1313625	1313725
TU185E-5791_promoter	+	1321420	1321520
TU185E-5792_promoter	-	1325611	1325711
TU185E-5793_promoter	-	1327512	1327612
TU185E-5794_promoter	-	1329305	1329405
TU185E-5795_promoter	+	1329290	1329390
TU185E-5796_promoter	+	1331992	1332092
TU185E-5797_promoter	+	1333831	1333931
TU185E-5798_promoter	+	1334827	1334927
TU185E-5799_promoter	+	1338903	1339003
TU185E-5800_promoter	+	1339249	1339349
TU185E-5801_promoter	+	1340478	1340578
TU185E-5802_promoter	+	1340906	1341006
TU185E-5803_promoter	-	1348624	1348724
TU185E-5804_promoter	+	1348619	1348719
TU185E-5805_promoter	+	1349232	1349332
TU185E-5806_promoter	+	1354143	1354243
TU185E-5807_promoter	-	1357625	1357725
TU185E-5808_promoter	-	1363361	1363461
TU185E-5809_promoter	-	1364150	1364250
TU185E-5810_promoter	+	1364313	1364413
TU185E-5811_promoter	+	1365174	1365274
TU185E-5812_promoter	+	1365244	1365344
TU185E-5813_promoter	+	1365775	1365875
TU185E-5814_promoter	-	1368721	1368821
TU185E-5815_promoter	-	1370825	1370925
TU185E-5816_promoter	-	1374197	1374297
TU185E-5817_promoter	-	1376168	1376268
TU185E-5818_promoter	-	1376826	1376926
TU185E-5819_promoter	+	1376876	1376976
TU185E-5820_promoter	+	1383113	1383213
TU185E-5821_promoter	+	1384178	1384278
TU185E-5822_promoter	-	1388628	1388728
TU185E-5823_promoter	-	1389244	1389344
TU185E-5824_promoter	-	1393052	1393152
TU185E-5825_promoter	-	1393982	1394082
TU185E-5826_promoter	-	1399240	1399340
TU185E-5827_promoter	-	1399904	1400004
TU185E-5828_promoter	+	1399870	1399970
TU185E-5829_promoter	-	1404603	1404703
TU185E-5830_promoter	-	1407340	1407440
TU185E-5831_promoter	+	1407239	1407339
TU185E-5832_promoter	-	1410372	1410472
TU185E-5833_promoter	+	1410331	1410431
TU185E-5834_promoter	+	1411794	1411894
TU185E-5835_promoter	-	1415840	1415940
TU185E-5836_promoter	-	1417347	1417447
TU185E-5837_promoter	-	1418356	1418456
TU185E-5838_promoter	-	1418953	1419053
TU185E-5839_promoter	-	1419748	1419848
TU185E-5840_promoter	-	1420302	1420402
TU185E-5841_promoter	-	1424050	1424150
TU185E-5842_promoter	+	1424097	1424197
TU185E-5843_promoter	+	1426064	1426164
TU185E-5844_promoter	-	1437117	1437217
TU185E-5845_promoter	+	1437224	1437324
TU185E-5846_promoter	+	1437809	1437909
TU185E-5847_promoter	+	1440705	1440805
TU185E-5848_promoter	+	1441248	1441348
TU185E-5849_promoter	+	1442667	1442767
TU185E-5850_promoter	-	1445834	1445934
TU185E-5851_promoter	-	1446265	1446365
TU185E-5852_promoter	+	1446279	1446379
TU185E-5853_promoter	+	1453104	1453204
TU185E-5854_promoter	+	1455063	1455163
TU185E-5855_promoter	+	1455395	1455495
TU185E-5856_promoter	+	1458195	1458295
TU185E-5857_promoter	+	1459666	1459766
TU185E-5858_promoter	-	1469505	1469605
TU185E-5859_promoter	-	1470252	1470352
TU185E-5860_promoter	+	1470221	1470321
TU185E-5861_promoter	+	1471519	1471619
TU185E-5862_promoter	+	1471746	1471846
TU185E-5863_promoter	+	1473558	1473658
TU185E-5864_promoter	+	1476799	1476899
TU185E-5865_promoter	-	1479118	1479218
TU185E-5866_promoter	-	1480824	1480924
TU185E-5867_promoter	-	1484217	1484317
TU185E-5868_promoter	+	1484179	1484279
TU185E-5869_promoter	+	1485762	1485862
TU185E-5870_promoter	+	1487061	1487161
TU185E-5871_promoter	-	1489965	1490065
TU185E-5872_promoter	-	1494425	1494525
TU185E-5873_promoter	-	1500559	1500659
TU185E-5874_promoter	+	1500561	1500661
TU185E-5875_promoter	-	1508923	1509023
TU185E-5876_promoter	+	1508868	1508968
TU185E-5877_promoter	+	1512628	1512728
TU185E-5878_promoter	+	1512947	1513047
TU185E-5879_promoter	+	1517391	1517491
TU185E-5880_promoter	+	1518663	1518763
TU185E-5881_promoter	-	1524820	1524920
TU185E-5882_promoter	-	1526216	1526316
TU185E-5883_promoter	+	1526512	1526612
TU185E-5884_promoter	+	1530073	1530173
TU185E-5885_promoter	+	1531248	1531348
TU185E-5886_promoter	-	1533633	1533733
TU185E-5887_promoter	-	1537644	1537744
TU185E-5888_promoter	-	1538169	1538269
TU185E-5889_promoter	+	1538290	1538390
TU185E-5890_promoter	-	1543255	1543355
TU185E-5891_promoter	+	1543259	1543359
TU185E-5892_promoter	+	1547029	1547129
TU185E-5893_promoter	+	1547732	1547832
TU185E-5894_promoter	-	1552655	1552755
TU185E-5895_promoter	+	1552554	1552654
TU185E-5896_promoter	+	1561364	1561464
TU185E-5897_promoter	+	1563594	1563694
TU185E-5898_promoter	+	1564301	1564401
TU185E-5899_promoter	+	1564993	1565093
TU185E-5900_promoter	+	1566725	1566825
TU185E-5901_promoter	-	1570969	1571069
TU185E-5902_promoter	-	1573857	1573957
TU185E-5903_promoter	-	1574767	1574867
TU185E-5904_promoter	-	1576796	1576896
TU185E-5905_promoter	+	1576830	1576930
TU185E-5906_promoter	+	1577513	1577613
TU185E-5907_promoter	+	1582066	1582166
TU185E-5908_promoter	-	1588482	1588582
TU185E-5909_promoter	+	1588467	1588567
TU185E-5910_promoter	+	1589286	1589386
TU185E-5911_promoter	+	1590297	1590397
TU185E-5912_promoter	+	1593405	1593505
TU185E-5913_promoter	+	1593942	1594042
TU185E-5914_promoter	-	1604759	1604859
TU185E-5915_promoter	+	1604778	1604878
TU185E-5916_promoter	+	1606286	1606386
TU185E-5917_promoter	+	1607983	1608083
TU185E-5918_promoter	+	1611334	1611434
TU185E-5919_promoter	+	1613207	1613307
TU185E-591_promoter	+	1214669	1214769
TU185E-5920_promoter	-	1622692	1622792
TU185E-5921_promoter	-	1630199	1630299
TU185E-5922_promoter	-	1634627	1634727
TU185E-5923_promoter	-	1644260	1644360
TU185E-5924_promoter	-	1646138	1646238
TU185E-5925_promoter	+	1646086	1646186
TU185E-5926_promoter	+	1653131	1653231
TU185E-5927_promoter	-	1655502	1655602
TU185E-5928_promoter	-	1656721	1656821
TU185E-5929_promoter	+	1656863	1656963
TU185E-5930_promoter	+	1658880	1658980
TU185E-5931_promoter	+	1662281	1662381
TU185E-5932_promoter	-	1666046	1666146
TU185E-5933_promoter	+	1666104	1666204
TU185E-5934_promoter	+	1666890	1666990
TU185E-5935_promoter	+	1669183	1669283
TU185E-5936_promoter	+	1673340	1673440
TU185E-5937_promoter	+	1676841	1676941
TU185E-5938_promoter	+	1679222	1679322
TU185E-5939_promoter	+	1682057	1682157
TU185E-5940_promoter	+	1687841	1687941
TU185E-5941_promoter	-	1689920	1690020
TU185E-5942_promoter	-	1690346	1690446
TU185E-5943_promoter	+	1690307	1690407
TU185E-5944_promoter	+	1690750	1690850
TU185E-5945_promoter	+	1692824	1692924
TU185E-5946_promoter	-	1695144	1695244
TU185E-5947_promoter	-	1696443	1696543
TU185E-5948_promoter	-	1697422	1697522
TU185E-5949_promoter	+	1699766	1699866
TU185E-5950_promoter	+	1701195	1701295
TU185E-5951_promoter	+	1702974	1703074
TU185E-5952_promoter	-	1708539	1708639
TU185E-5953_promoter	+	1708771	1708871
TU185E-5954_promoter	+	1710633	1710733
TU185E-5955_promoter	+	1712202	1712302
TU185E-5956_promoter	+	1717553	1717653
TU185E-5957_promoter	+	1719917	1720017
TU185E-5958_promoter	-	1728409	1728509
TU185E-5959_promoter	-	1729450	1729550
TU185E-5960_promoter	+	1729402	1729502
TU185E-5961_promoter	+	1731273	1731373
TU185E-5962_promoter	+	1733510	1733610
TU185E-5963_promoter	+	1735876	1735976
TU185E-5964_promoter	+	1736419	1736519
TU185E-5965_promoter	+	1739756	1739856
TU185E-5966_promoter	+	1742144	1742244
TU185E-5967_promoter	-	1744371	1744471
TU185E-5968_promoter	-	1744836	1744936
TU185E-5969_promoter	+	1744964	1745064
TU185E-5970_promoter	+	1747095	1747195
TU185E-5971_promoter	+	1747594	1747694
TU185E-5972_promoter	+	1753410	1753510
TU185E-5973_promoter	+	1757581	1757681
TU185E-5974_promoter	+	1760897	1760997
TU185E-5975_promoter	+	1761644	1761744
TU185E-5976_promoter	-	1773829	1773929
TU185E-5977_promoter	-	1774620	1774720
TU185E-5978_promoter	-	1775144	1775244
TU185E-5979_promoter	+	1775292	1775392
TU185E-5980_promoter	+	1779214	1779314
TU185E-5981_promoter	+	1779830	1779930
TU185E-5982_promoter	-	1782584	1782684
TU185E-5983_promoter	-	1783228	1783328
TU185E-5984_promoter	-	1784301	1784401
TU185E-5985_promoter	-	1786528	1786628
TU185E-5986_promoter	-	1788505	1788605
TU185E-5987_promoter	-	1789836	1789936
TU185E-5988_promoter	+	1790184	1790284
TU185E-5989_promoter	-	1793740	1793840
TU185E-5990_promoter	-	1794707	1794807
TU185E-5991_promoter	+	1794656	1794756
TU185E-5992_promoter	+	1798194	1798294
TU185E-5993_promoter	+	1799483	1799583
TU185E-5994_promoter	+	1806081	1806181
TU185E-5995_promoter	+	1807803	1807903
TU185E-5996_promoter	+	1815153	1815253
TU185E-5997_promoter	+	1816089	1816189
TU185E-5998_promoter	+	1818475	1818575
TU185E-5999_promoter	-	1823273	1823373
TU185E-6000_promoter	-	1825887	1825987
TU185E-6001_promoter	-	1827945	1828045
TU185E-6002_promoter	-	1828088	1828188
TU185E-6003_promoter	-	1830561	1830661
TU185E-6004_promoter	+	1830565	1830665
TU185E-6005_promoter	+	1833442	1833542
TU185E-6006_promoter	+	1836975	1837075
TU185E-6007_promoter	-	1848458	1848558
TU185E-6008_promoter	-	1852035	1852135
TU185E-6009_promoter	+	1852173	1852273
TU185E-6010_promoter	+	1852828	1852928
TU185E-6011_promoter	+	1853084	1853184
TU185E-6012_promoter	+	1855664	1855764
TU185E-6013_promoter	+	1856674	1856774
TU185E-6014_promoter	+	1858633	1858733
TU185E-6015_promoter	+	1865476	1865576
TU185E-6016_promoter	+	1874060	1874160
TU185E-6017_promoter	+	1875204	1875304
TU185E-6018_promoter	+	1891126	1891226
TU185E-6019_promoter	-	1895342	1895442
TU185E-6020_promoter	+	1895625	1895725
TU185E-6021_promoter	-	1898207	1898307
TU185E-6022_promoter	-	1899916	1900016
TU185E-6023_promoter	-	1900975	1901075
TU185E-6024_promoter	+	1900947	1901047
TU185E-6025_promoter	+	1902297	1902397
TU185E-6026_promoter	+	1906303	1906403
TU185E-6027_promoter	+	1907494	1907594
TU185E-6028_promoter	-	1912081	1912181
TU185E-6029_promoter	-	1912920	1913020
TU185E-6030_promoter	+	1912879	1912979
TU185E-6031_promoter	+	1915427	1915527
TU185E-6032_promoter	+	1921442	1921542
TU185E-6033_promoter	+	1923729	1923829
TU185E-6034_promoter	-	1928575	1928675
TU185E-6035_promoter	-	1929721	1929821
TU185E-6036_promoter	-	1933878	1933978
TU185E-6037_promoter	-	1934649	1934749
TU185E-6038_promoter	+	1934782	1934882
TU185E-6039_promoter	+	1941753	1941853
TU185E-6040_promoter	+	1944709	1944809
TU185E-6041_promoter	+	1946513	1946613
TU185E-6042_promoter	-	1947643	1947743
TU185E-6043_promoter	+	1947761	1947861
TU185E-6044_promoter	-	1951751	1951851
TU185E-6045_promoter	-	1955569	1955669
TU185E-6046_promoter	-	1957245	1957345
TU185E-6047_promoter	-	1959791	1959891
TU185E-6048_promoter	-	1960487	1960587
TU185E-6049_promoter	-	1961016	1961116
TU185E-6050_promoter	-	1961788	1961888
TU185E-6051_promoter	-	1965370	1965470
TU185E-6052_promoter	+	1967605	1967705
TU185E-6053_promoter	+	1968904	1969004
TU185E-6054_promoter	-	1971991	1972091
TU185E-6055_promoter	+	1972038	1972138
TU185E-6056_promoter	+	1973530	1973630
TU185E-6057_promoter	+	1976500	1976600
TU185E-6058_promoter	-	1977885	1977985
TU185E-6059_promoter	-	1979567	1979667
TU185E-6060_promoter	+	1979521	1979621
TU185E-6061_promoter	+	1981030	1981130
TU185E-6062_promoter	-	1984775	1984875
TU185E-6063_promoter	-	1986670	1986770
TU185E-6064_promoter	-	1989006	1989106
TU185E-6065_promoter	-	1995842	1995942
TU185E-6066_promoter	+	1996052	1996152
TU185E-6067_promoter	-	1998515	1998615
TU185E-6068_promoter	-	1999357	1999457
TU185E-6069_promoter	+	1999637	1999737
TU185E-6070_promoter	+	1999974	2000074
TU185E-6071_promoter	+	2000514	2000614
TU185E-6072_promoter	+	2002526	2002626
TU185E-6073_promoter	+	2006536	2006636
TU185E-6074_promoter	+	2007732	2007832
TU185E-6075_promoter	-	2012530	2012630
TU185E-6076_promoter	-	2014479	2014579
TU185E-6077_promoter	+	2017640	2017740
TU185E-6078_promoter	+	2024728	2024828
TU185E-6079_promoter	+	2025201	2025301
TU185E-6080_promoter	+	2026377	2026477
TU185E-6081_promoter	+	2028325	2028425
TU185E-6082_promoter	+	2029804	2029904
TU185E-6083_promoter	+	2030247	2030347
TU185E-6084_promoter	+	2030594	2030694
TU185E-6085_promoter	+	2030966	2031066
TU185E-6086_promoter	+	2032140	2032240
TU185E-6087_promoter	+	2033629	2033729
TU185E-6088_promoter	+	2039059	2039159
TU185E-6089_promoter	+	2039353	2039453
TU185E-6090_promoter	+	2041901	2042001
TU185E-6091_promoter	+	2043284	2043384
TU185E-6092_promoter	-	2046842	2046942
TU185E-6093_promoter	-	2047349	2047449
TU185E-6094_promoter	-	2048034	2048134
TU185E-6095_promoter	+	2047972	2048072
TU185E-6096_promoter	+	2049821	2049921
TU185E-6097_promoter	+	2051182	2051282
TU185E-6098_promoter	+	2052833	2052933
TU185E-6099_promoter	+	2053343	2053443
TU185E-6100_promoter	-	2055359	2055459
TU185E-6101_promoter	-	2056112	2056212
TU185E-6102_promoter	+	2056421	2056521
TU185E-6103_promoter	+	2057428	2057528
TU185E-6104_promoter	+	2058156	2058256
TU185E-6105_promoter	+	2059495	2059595
TU185E-6106_promoter	-	2062674	2062774
TU185E-6107_promoter	-	2064728	2064828
TU185E-6108_promoter	+	2064699	2064799
TU185E-6109_promoter	+	2068980	2069080
TU185E-6110_promoter	+	2072496	2072596
TU185E-6111_promoter	+	2073843	2073943
TU185E-6112_promoter	+	2074741	2074841
TU185E-6113_promoter	+	2075471	2075571
TU185E-6114_promoter	+	2075777	2075877
TU185E-6115_promoter	-	2084636	2084736
TU185E-6116_promoter	-	2086981	2087081
TU185E-6117_promoter	-	2087912	2088012
TU185E-6118_promoter	-	2089518	2089618
TU185E-6119_promoter	-	2092085	2092185
TU185E-6120_promoter	-	2096599	2096699
TU185E-6121_promoter	+	2096777	2096877
TU185E-6122_promoter	+	2097248	2097348
TU185E-6123_promoter	-	2103042	2103142
TU185E-6124_promoter	-	2104823	2104923
TU185E-6125_promoter	+	2104885	2104985
TU185E-6126_promoter	+	2107636	2107736
TU185E-6127_promoter	+	2109065	2109165
TU185E-6128_promoter	+	2109444	2109544
TU185E-6129_promoter	-	2112966	2113066
TU185E-6130_promoter	+	2113040	2113140
TU185E-6131_promoter	+	2115664	2115764
TU185E-6132_promoter	+	2117247	2117347
TU185E-6133_promoter	-	2120695	2120795
TU185E-6134_promoter	-	2121430	2121530
TU185E-6135_promoter	-	2123151	2123251
TU185E-6136_promoter	+	2123074	2123174
TU185E-6137_promoter	+	2123584	2123684
TU185E-6138_promoter	+	2125240	2125340
TU185E-6139_promoter	+	2125804	2125904
TU185E-6140_promoter	+	2127922	2128022
TU185E-6141_promoter	-	2131857	2131957
TU185E-6142_promoter	-	2135867	2135967
TU185E-6143_promoter	-	2138079	2138179
TU185E-6144_promoter	-	2138617	2138717
TU185E-6145_promoter	-	2139017	2139117
TU185E-6146_promoter	-	2139687	2139787
TU185E-6147_promoter	+	2139319	2139419
TU185E-6148_promoter	+	2139641	2139741
TU185E-6149_promoter	-	2144882	2144982
TU185E-6150_promoter	-	2147633	2147733
TU185E-6151_promoter	+	2150264	2150364
TU185E-6152_promoter	+	2150854	2150954
TU185E-6153_promoter	-	2152895	2152995
TU185E-6154_promoter	-	2156592	2156692
TU185E-6155_promoter	-	2157299	2157399
TU185E-6156_promoter	-	2157987	2158087
TU185E-6157_promoter	-	2159091	2159191
TU185E-6158_promoter	+	2160363	2160463
TU185E-6159_promoter	-	2167311	2167411
TU185E-6160_promoter	-	2170612	2170712
TU185E-6161_promoter	-	2171525	2171625
TU185E-6162_promoter	+	2173967	2174067
TU185E-6163_promoter	-	2181217	2181317
TU185E-6164_promoter	-	2183239	2183339
TU185E-6165_promoter	-	2187159	2187259
TU185E-6166_promoter	+	2187284	2187384
TU185E-6167_promoter	-	2195934	2196034
TU185E-6168_promoter	-	2200486	2200586
TU185E-6169_promoter	+	2200626	2200726
TU185E-6170_promoter	+	2201177	2201277
TU185E-6171_promoter	+	2201619	2201719
TU185E-6172_promoter	+	2202038	2202138
TU185E-6173_promoter	-	2203632	2203732
TU185E-6174_promoter	-	2204225	2204325
TU185E-6175_promoter	-	2206802	2206902
TU185E-6176_promoter	+	2207600	2207700
TU185E-6177_promoter	+	2219654	2219754
TU185E-6178_promoter	+	2220808	2220908
TU185E-6179_promoter	-	2223164	2223264
TU185E-6180_promoter	-	2224029	2224129
TU185E-6181_promoter	-	2225188	2225288
TU185E-6182_promoter	-	2226101	2226201
TU185E-6183_promoter	-	2228561	2228661
TU185E-6184_promoter	-	2229902	2230002
TU185E-6185_promoter	+	2229911	2230011
TU185E-6186_promoter	+	2230926	2231026
TU185E-6187_promoter	+	2231580	2231680
TU185E-6188_promoter	-	2233637	2233737
TU185E-6189_promoter	-	2234216	2234316
TU185E-6190_promoter	-	2234891	2234991
TU185E-6191_promoter	-	2237575	2237675
TU185E-6192_promoter	-	2237984	2238084
TU185E-6193_promoter	+	2238041	2238141
TU185E-6194_promoter	+	2238904	2239004
TU185E-6195_promoter	+	2240059	2240159
TU185E-6196_promoter	-	2243721	2243821
TU185E-6197_promoter	-	2245138	2245238
TU185E-6198_promoter	+	2245109	2245209
TU185E-6199_promoter	+	2247560	2247660
TU185E-6200_promoter	-	2249420	2249520
TU185E-6201_promoter	-	2251883	2251983
TU185E-6202_promoter	-	2256428	2256528
TU185E-6203_promoter	-	2257942	2258042
TU185E-6204_promoter	+	2257930	2258030
TU185E-6205_promoter	+	2259226	2259326
TU185E-6206_promoter	+	2260565	2260665
TU185E-6207_promoter	+	2263326	2263426
TU185E-6208_promoter	+	2265180	2265280
TU185E-6209_promoter	-	2266720	2266820
TU185E-6210_promoter	-	2268108	2268208
TU185E-6211_promoter	-	2270240	2270340
TU185E-6212_promoter	-	2271748	2271848
TU185E-6213_promoter	-	2274508	2274608
TU185E-6214_promoter	-	2278932	2279032
TU185E-6215_promoter	+	2281194	2281294
TU185E-6216_promoter	-	2289599	2289699
TU185E-6217_promoter	-	2291220	2291320
TU185E-6218_promoter	-	2306986	2307086
TU185E-6219_promoter	-	2310755	2310855
TU185E-6220_promoter	-	2313049	2313149
TU185E-6221_promoter	-	2315061	2315161
TU185E-6222_promoter	+	2315074	2315174
TU185E-6223_promoter	+	2316179	2316279
TU185E-6224_promoter	-	2317085	2317185
TU185E-6225_promoter	-	2320753	2320853
TU185E-6226_promoter	+	2320731	2320831
TU185E-6227_promoter	-	2326809	2326909
TU185E-6228_promoter	-	2330146	2330246
TU185E-6229_promoter	-	2330963	2331063
TU185E-6230_promoter	-	2332879	2332979
TU185E-6231_promoter	-	2334594	2334694
TU185E-6232_promoter	+	2334959	2335059
TU185E-6233_promoter	+	2338609	2338709
TU185E-6234_promoter	+	2342927	2343027
TU185E-6235_promoter	+	2343211	2343311
TU185E-6236_promoter	+	2343894	2343994
TU185E-6237_promoter	+	2344311	2344411
TU185E-6238_promoter	-	2349292	2349392
TU185E-6239_promoter	-	2352054	2352154
TU185E-6240_promoter	-	2353297	2353397
TU185E-6241_promoter	-	2356677	2356777
TU185E-6242_promoter	-	2358206	2358306
TU185E-6243_promoter	+	2358289	2358389
TU185E-6244_promoter	+	2360140	2360240
TU185E-6245_promoter	+	2363291	2363391
TU185E-6246_promoter	-	2364781	2364881
TU185E-6247_promoter	+	2365365	2365465
TU185E-6248_promoter	+	2367259	2367359
TU185E-6249_promoter	+	2367611	2367711
TU185E-6250_promoter	-	2370792	2370892
TU185E-6251_promoter	-	2372569	2372669
TU185E-6252_promoter	+	2372530	2372630
TU185E-6253_promoter	+	2376471	2376571
TU185E-6254_promoter	-	2379727	2379827
TU185E-6255_promoter	-	2380944	2381044
TU185E-6256_promoter	+	2388516	2388616
TU185E-6257_promoter	-	2392459	2392559
TU185E-6258_promoter	-	2393320	2393420
TU185E-6259_promoter	-	2395237	2395337
TU185E-6260_promoter	-	2396838	2396938
TU185E-6261_promoter	-	2397315	2397415
TU185E-6262_promoter	+	2397230	2397330
TU185E-6263_promoter	+	2398620	2398720
TU185E-6264_promoter	-	2400328	2400428
TU185E-6265_promoter	-	2401722	2401822
TU185E-6266_promoter	-	2402722	2402822
TU185E-6267_promoter	-	2404521	2404621
TU185E-6268_promoter	-	2405398	2405498
TU185E-6269_promoter	-	2405956	2406056
TU185E-6270_promoter	-	2409524	2409624
TU185E-6271_promoter	-	2421665	2421765
TU185E-6272_promoter	-	2422278	2422378
TU185E-6273_promoter	-	2422003	2422103
TU185E-6274_promoter	-	2423137	2423237
TU185E-6275_promoter	-	2424838	2424938
TU185E-6276_promoter	-	2429858	2429958
TU185E-6277_promoter	-	2431420	2431520
TU185E-6278_promoter	-	2431969	2432069
TU185E-6279_promoter	+	2432135	2432235
TU185E-6280_promoter	+	2432851	2432951
TU185E-6281_promoter	+	2434747	2434847
TU185E-6282_promoter	-	2437886	2437986
TU185E-6283_promoter	-	2439947	2440047
TU185E-6284_promoter	-	2441720	2441820
TU185E-6285_promoter	-	2443214	2443314
TU185E-6286_promoter	-	2445329	2445429
TU185E-6287_promoter	-	2446946	2447046
TU185E-6288_promoter	-	2447500	2447600
TU185E-6289_promoter	-	2447994	2448094
TU185E-6290_promoter	-	2451150	2451250
TU185E-6291_promoter	-	2452020	2452120
TU185E-6292_promoter	-	2453272	2453372
TU185E-6293_promoter	+	2456801	2456901
TU185E-6294_promoter	-	2463047	2463147
TU185E-6295_promoter	-	2464751	2464851
TU185E-6296_promoter	-	2469287	2469387
TU185E-6297_promoter	-	2470463	2470563
TU185E-6298_promoter	+	2470522	2470622
TU185E-6299_promoter	+	2471311	2471411
TU185E-6300_promoter	+	2473300	2473400
TU185E-6301_promoter	-	2475970	2476070
TU185E-6302_promoter	-	2477181	2477281
TU185E-6303_promoter	+	2477090	2477190
TU185E-6304_promoter	+	2481865	2481965
TU185E-6305_promoter	+	2484484	2484584
TU185E-6306_promoter	-	2492353	2492453
TU185E-6307_promoter	-	2493742	2493842
TU185E-6308_promoter	-	2495399	2495499
TU185E-6309_promoter	-	2497023	2497123
TU185E-6310_promoter	+	2497642	2497742
TU185E-6311_promoter	+	2498732	2498832
TU185E-6312_promoter	-	2506161	2506261
TU185E-6313_promoter	-	2506383	2506483
TU185E-6314_promoter	+	2506178	2506278
TU185E-6315_promoter	-	2510669	2510769
TU185E-6316_promoter	-	2512280	2512380
TU185E-6317_promoter	+	2512439	2512539
TU185E-6318_promoter	+	2515204	2515304
TU185E-6319_promoter	+	2516687	2516787
TU185E-6320_promoter	+	2517671	2517771
TU185E-6321_promoter	+	2522260	2522360
TU185E-6322_promoter	-	2525354	2525454
TU185E-6323_promoter	+	2525302	2525402
TU185E-6324_promoter	+	2525465	2525565
TU185E-6325_promoter	+	2527884	2527984
TU185E-6326_promoter	-	2529174	2529274
TU185E-6327_promoter	-	2529874	2529974
TU185E-6328_promoter	-	2531897	2531997
TU185E-6329_promoter	+	2532145	2532245
TU185E-6330_promoter	-	2535552	2535652
TU185E-6331_promoter	+	2538600	2538700
TU185E-6332_promoter	+	2540004	2540104
TU185E-6333_promoter	-	2544621	2544721
TU185E-6334_promoter	+	2544598	2544698
TU185E-6335_promoter	+	2545232	2545332
TU185E-6336_promoter	+	2545637	2545737
TU185E-6337_promoter	-	2547087	2547187
TU185E-6338_promoter	+	2546783	2546883
TU185E-6339_promoter	+	2549965	2550065
TU185E-6340_promoter	+	2551460	2551560
TU185E-6341_promoter	+	2553073	2553173
TU185E-6342_promoter	+	2555841	2555941
TU185E-6343_promoter	+	2559603	2559703
TU185E-6344_promoter	+	2562499	2562599
TU185E-6345_promoter	+	2563074	2563174
TU185E-6346_promoter	-	2565032	2565132
TU185E-6347_promoter	+	2565227	2565327
TU185E-6348_promoter	+	2566672	2566772
TU185E-6349_promoter	+	2567404	2567504
TU185E-6350_promoter	+	2568982	2569082
TU185E-6351_promoter	-	2572002	2572102
TU185E-6352_promoter	-	2573008	2573108
TU185E-6353_promoter	+	2572915	2573015
TU185E-6354_promoter	+	2573713	2573813
TU185E-6355_promoter	-	2575225	2575325
TU185E-6356_promoter	+	2575709	2575809
TU185E-6357_promoter	+	2577388	2577488
TU185E-6358_promoter	-	2578696	2578796
TU185E-6359_promoter	-	2579419	2579519
TU185E-6360_promoter	-	2579935	2580035
TU185E-6361_promoter	-	2580210	2580310
TU185E-6362_promoter	-	2582298	2582398
TU185E-6363_promoter	+	2582945	2583045
TU185E-6364_promoter	+	2583335	2583435
TU185E-6365_promoter	+	2583784	2583884
TU185E-6366_promoter	+	2584386	2584486
TU185E-6367_promoter	-	2588804	2588904
TU185E-6368_promoter	+	2588738	2588838
TU185E-6369_promoter	-	2596269	2596369
TU185E-6370_promoter	-	2599947	2600047
TU185E-6371_promoter	+	2599888	2599988
TU185E-6372_promoter	+	2600631	2600731
TU185E-6373_promoter	-	2603461	2603561
TU185E-6374_promoter	-	2604222	2604322
TU185E-6375_promoter	+	2604197	2604297
TU185E-6376_promoter	+	2604640	2604740
TU185E-6377_promoter	+	2608696	2608796
TU185E-6378_promoter	+	2610737	2610837
TU185E-6379_promoter	-	2612987	2613087
TU185E-6380_promoter	-	2614063	2614163
TU185E-6381_promoter	-	2618908	2619008
TU185E-6382_promoter	-	2619479	2619579
TU185E-6383_promoter	+	2619497	2619597
TU185E-6384_promoter	+	2620172	2620272
TU185E-6385_promoter	-	2623752	2623852
TU185E-6386_promoter	-	2626172	2626272
TU185E-6387_promoter	-	2626519	2626619
TU185E-6388_promoter	-	2626980	2627080
TU185E-6389_promoter	-	2632075	2632175
TU185E-6390_promoter	-	2634098	2634198
TU185E-6391_promoter	-	2635592	2635692
TU185E-6392_promoter	+	2635528	2635628
TU185E-6393_promoter	-	2639535	2639635
TU185E-6394_promoter	-	2641064	2641164
TU185E-6395_promoter	+	2641146	2641246
TU185E-6396_promoter	-	2644258	2644358
TU185E-6397_promoter	-	2646673	2646773
TU185E-6398_promoter	-	2647088	2647188
TU185E-6399_promoter	-	2649974	2650074
TU185E-6400_promoter	-	2651558	2651658
TU185E-6401_promoter	-	2653987	2654087
TU185E-6402_promoter	-	2655093	2655193
TU185E-6403_promoter	-	2656115	2656215
TU185E-6404_promoter	-	2656430	2656530
TU185E-6405_promoter	-	2667115	2667215
TU185E-6406_promoter	-	2675837	2675937
TU185E-6407_promoter	+	2675836	2675936
TU185E-6408_promoter	+	2677629	2677729
TU185E-6409_promoter	-	2683142	2683242
TU185E-6410_promoter	-	2684266	2684366
TU185E-6411_promoter	+	2684579	2684679
TU185E-6412_promoter	+	2689972	2690072
TU185E-6413_promoter	+	2692072	2692172
TU185E-6414_promoter	+	2692124	2692224
TU185E-6415_promoter	+	2692451	2692551
TU185E-6416_promoter	+	2692699	2692799
TU185E-6417_promoter	-	2697714	2697814
TU185E-6418_promoter	-	2703248	2703348
TU185E-6419_promoter	+	2704597	2704697
TU185E-6420_promoter	+	2705917	2706017
TU185E-6421_promoter	-	2709965	2710065
TU185E-6422_promoter	-	2713784	2713884
TU185E-6423_promoter	-	2715332	2715432
TU185E-6424_promoter	-	2716314	2716414
TU185E-6425_promoter	-	2718808	2718908
TU185E-6426_promoter	+	2718983	2719083
TU185E-6427_promoter	+	2719497	2719597
TU185E-6428_promoter	-	2721777	2721877
TU185E-6429_promoter	-	2724183	2724283
TU185E-6430_promoter	-	2725477	2725577
TU185E-6431_promoter	-	2726087	2726187
TU185E-6432_promoter	+	2726093	2726193
TU185E-6433_promoter	-	2727920	2728020
TU185E-6434_promoter	-	2728266	2728366
TU185E-6435_promoter	-	2732749	2732849
TU185E-6436_promoter	+	2733130	2733230
TU185E-6437_promoter	+	2734276	2734376
TU185E-6438_promoter	-	2739686	2739786
TU185E-6439_promoter	-	2740361	2740461
TU185E-6440_promoter	-	2744984	2745084
TU185E-6441_promoter	-	2745724	2745824
TU185E-6442_promoter	-	2750225	2750325
TU185E-6443_promoter	-	2751572	2751672
TU185E-6444_promoter	-	2752180	2752280
TU185E-6445_promoter	-	2756704	2756804
TU185E-6446_promoter	-	2759488	2759588
TU185E-6447_promoter	+	2759679	2759779
TU185E-6448_promoter	+	2760754	2760854
TU185E-6449_promoter	-	2763774	2763874
TU185E-6450_promoter	-	2765404	2765504
TU185E-6451_promoter	+	2765441	2765541
TU185E-6452_promoter	+	2765555	2765655
TU185E-6453_promoter	-	2768159	2768259
TU185E-6454_promoter	-	2768884	2768984
TU185E-6455_promoter	-	2773035	2773135
TU185E-6456_promoter	+	2773078	2773178
TU185E-6457_promoter	+	2775172	2775272
TU185E-6458_promoter	-	2782262	2782362
TU185E-6459_promoter	-	2784042	2784142
TU185E-6460_promoter	-	2784608	2784708
TU185E-6461_promoter	-	2785918	2786018
TU185E-6462_promoter	-	2792494	2792594
TU185E-6463_promoter	-	2793988	2794088
TU185E-6464_promoter	+	2794076	2794176
TU185E-6465_promoter	+	2794250	2794350
TU185E-6466_promoter	-	2797385	2797485
TU185E-6467_promoter	-	2801145	2801245
TU185E-6468_promoter	-	2806236	2806336
TU185E-6469_promoter	+	2806565	2806665
TU185E-6470_promoter	+	2807983	2808083
TU185E-6471_promoter	-	2812096	2812196
TU185E-6472_promoter	-	2821596	2821696
TU185E-6473_promoter	+	2821612	2821712
TU185E-6474_promoter	+	2822338	2822438
TU185E-6475_promoter	+	2827057	2827157
TU185E-6476_promoter	+	2827754	2827854
TU185E-6477_promoter	-	2832591	2832691
TU185E-6478_promoter	-	2833761	2833861
TU185E-6479_promoter	-	2835335	2835435
TU185E-6480_promoter	+	2835394	2835494
TU185E-6481_promoter	+	2835685	2835785
TU185E-6482_promoter	-	2839930	2840030
TU185E-6483_promoter	-	2849332	2849432
TU185E-6484_promoter	-	2850574	2850674
TU185E-6485_promoter	+	2850991	2851091
TU185E-6486_promoter	-	2857781	2857881
TU185E-6487_promoter	-	2860418	2860518
TU185E-6488_promoter	-	2864412	2864512
TU185E-6489_promoter	+	2864327	2864427
TU185E-6490_promoter	+	2865030	2865130
TU185E-6491_promoter	+	2866368	2866468
TU185E-6492_promoter	+	2868054	2868154
TU185E-6493_promoter	-	2869627	2869727
TU185E-6494_promoter	-	2870364	2870464
TU185E-6495_promoter	-	2876485	2876585
TU185E-6496_promoter	-	2876965	2877065
TU185E-6497_promoter	+	2876972	2877072
TU185E-6498_promoter	+	2877731	2877831
TU185E-6499_promoter	+	2879975	2880075
TU185E-6500_promoter	+	2881152	2881252
TU185E-6501_promoter	+	2881309	2881409
TU185E-6502_promoter	+	2881658	2881758
TU185E-6503_promoter	+	2884511	2884611
TU185E-6504_promoter	-	2894408	2894508
TU185E-6505_promoter	-	2895960	2896060
TU185E-6506_promoter	-	2897803	2897903
TU185E-6507_promoter	+	2897943	2898043
TU185E-6508_promoter	-	2906763	2906863
TU185E-6509_promoter	-	2910900	2911000
TU185E-6510_promoter	-	2915736	2915836
TU185E-6511_promoter	-	2916193	2916293
TU185E-6512_promoter	+	2916260	2916360
TU185E-6513_promoter	+	2917771	2917871
TU185E-6514_promoter	+	2921451	2921551
TU185E-6515_promoter	-	2925383	2925483
TU185E-6516_promoter	+	2925392	2925492
TU185E-6517_promoter	+	2926255	2926355
TU185E-6518_promoter	+	2927890	2927990
TU185E-6519_promoter	+	2929970	2930070
TU185E-6520_promoter	-	2931560	2931660
TU185E-6521_promoter	-	2934070	2934170
TU185E-6522_promoter	+	2934098	2934198
TU185E-6523_promoter	+	2934946	2935046
TU185E-6524_promoter	-	2943267	2943367
TU185E-6525_promoter	-	2948558	2948658
TU185E-6526_promoter	+	2948536	2948636
TU185E-6527_promoter	+	2949493	2949593
TU185E-6528_promoter	-	2952503	2952603
TU185E-6529_promoter	-	2952993	2953093
TU185E-6530_promoter	-	2954748	2954848
TU185E-6531_promoter	+	2954958	2955058
TU185E-6532_promoter	+	2955667	2955767
TU185E-6533_promoter	+	2957472	2957572
TU185E-6534_promoter	-	2959190	2959290
TU185E-6535_promoter	-	2959820	2959920
TU185E-6536_promoter	-	2962441	2962541
TU185E-6537_promoter	+	2962370	2962470
TU185E-6538_promoter	+	2963486	2963586
TU185E-6539_promoter	+	2964305	2964405
TU185E-6540_promoter	-	2965358	2965458
TU185E-6541_promoter	-	2965837	2965937
TU185E-6542_promoter	+	2965839	2965939
TU185E-6543_promoter	+	2966433	2966533
TU185E-6544_promoter	-	2968850	2968950
TU185E-6545_promoter	-	2969568	2969668
TU185E-6546_promoter	+	2969653	2969753
TU185E-6547_promoter	+	2970023	2970123
TU185E-6548_promoter	+	2971559	2971659
TU185E-6549_promoter	+	2972060	2972160
TU185E-6550_promoter	-	2975775	2975875
TU185E-6551_promoter	-	2976909	2977009
TU185E-6552_promoter	-	2980818	2980918
TU185E-6553_promoter	-	2981576	2981676
TU185E-6554_promoter	+	2981382	2981482
TU185E-6555_promoter	+	2981753	2981853
TU185E-6556_promoter	+	2982599	2982699
TU185E-6557_promoter	+	2982971	2983071
TU185E-6558_promoter	+	2984633	2984733
TU185E-6559_promoter	+	2986739	2986839
TU185E-6560_promoter	+	2987582	2987682
TU185E-6561_promoter	+	2990606	2990706
TU185E-6562_promoter	-	2995062	2995162
TU185E-6563_promoter	+	2995015	2995115
TU185E-6564_promoter	+	2996005	2996105
TU185E-6565_promoter	+	3000012	3000112
TU185E-6566_promoter	+	3001883	3001983
TU185E-6567_promoter	-	3005650	3005750
TU185E-6568_promoter	-	3007062	3007162
TU185E-6569_promoter	-	3009209	3009309
TU185E-6570_promoter	+	3009244	3009344
TU185E-6571_promoter	-	3011767	3011867
TU185E-6572_promoter	-	3013608	3013708
TU185E-6573_promoter	-	3014147	3014247
TU185E-6574_promoter	+	3016758	3016858
TU185E-6575_promoter	+	3017735	3017835
TU185E-6576_promoter	-	3020457	3020557
TU185E-6577_promoter	+	3021739	3021839
TU185E-6578_promoter	+	3022361	3022461
TU185E-6579_promoter	+	3023465	3023565
TU185E-6580_promoter	+	3025341	3025441
TU185E-6581_promoter	+	3026965	3027065
TU185E-6582_promoter	+	3027998	3028098
TU185E-6583_promoter	+	3029072	3029172
TU185E-6584_promoter	-	3030361	3030461
TU185E-6585_promoter	-	3030877	3030977
TU185E-6586_promoter	-	3031537	3031637
TU185E-6587_promoter	+	3034535	3034635
TU185E-6588_promoter	-	3037291	3037391
TU185E-6589_promoter	-	3041461	3041561
TU185E-6590_promoter	-	3042475	3042575
TU185E-6591_promoter	+	3042442	3042542
TU185E-6592_promoter	-	3046524	3046624
TU185E-6593_promoter	-	3051424	3051524
TU185E-6594_promoter	-	3053189	3053289
TU185E-6595_promoter	+	3053133	3053233
TU185E-6596_promoter	+	3053814	3053914
TU185E-6597_promoter	-	3056348	3056448
TU185E-6598_promoter	-	3058063	3058163
TU185E-6599_promoter	-	3058531	3058631
TU185E-6600_promoter	-	3059231	3059331
TU185E-6601_promoter	+	3062405	3062505
TU185E-6602_promoter	-	3067124	3067224
TU185E-6603_promoter	-	3067945	3068045
TU185E-6604_promoter	-	3070083	3070183
TU185E-6605_promoter	-	3073056	3073156
TU185E-6606_promoter	-	3074471	3074571
TU185E-6607_promoter	-	3076720	3076820
TU185E-6608_promoter	-	3078078	3078178
TU185E-6609_promoter	-	3078985	3079085
TU185E-6610_promoter	-	3080457	3080557
TU185E-6611_promoter	-	3081033	3081133
TU185E-6612_promoter	-	3082756	3082856
TU185E-6613_promoter	-	3084303	3084403
TU185E-6614_promoter	-	3085555	3085655
TU185E-6615_promoter	-	3086754	3086854
TU185E-6616_promoter	-	3088984	3089084
TU185E-6617_promoter	-	3090361	3090461
TU185E-6618_promoter	-	3092597	3092697
TU185E-6619_promoter	-	3093748	3093848
TU185E-6620_promoter	-	3094900	3095000
TU185E-6621_promoter	+	3095011	3095111
TU185E-6622_promoter	+	3096859	3096959
TU185E-6623_promoter	-	3102162	3102262
TU185E-6624_promoter	-	3104911	3105011
TU185E-6625_promoter	-	3107637	3107737
TU185E-6626_promoter	+	3107668	3107768
TU185E-6627_promoter	-	3110737	3110837
TU185E-6628_promoter	-	3111823	3111923
TU185E-6629_promoter	+	3112767	3112867
TU185E-6630_promoter	+	3113558	3113658
TU185E-6631_promoter	+	3114946	3115046
TU185E-6632_promoter	+	3115308	3115408
TU185E-6633_promoter	+	3116039	3116139
TU185E-6634_promoter	+	3116718	3116818
TU185E-6635_promoter	-	3121827	3121927
TU185E-6636_promoter	-	3126144	3126244
TU185E-6637_promoter	-	3132714	3132814
TU185E-6638_promoter	-	3133539	3133639
TU185E-6639_promoter	-	3135483	3135583
TU185E-6640_promoter	-	3137224	3137324
TU185E-6641_promoter	-	3142222	3142322
TU185E-6642_promoter	-	3144645	3144745
TU185E-6643_promoter	-	3147873	3147973
TU185E-6644_promoter	-	3148258	3148358
TU185E-6645_promoter	-	3149976	3150076
TU185E-6646_promoter	+	3150071	3150171
TU185E-6647_promoter	-	3152950	3153050
TU185E-6648_promoter	-	3160521	3160621
TU185E-6649_promoter	-	3162061	3162161
TU185E-6650_promoter	+	3162168	3162268
TU185E-6651_promoter	+	3166584	3166684
TU185E-6652_promoter	-	3173000	3173100
TU185E-6653_promoter	-	3174017	3174117
TU185E-6654_promoter	-	3174643	3174743
TU185E-6655_promoter	+	3174647	3174747
TU185E-6656_promoter	+	3177437	3177537
TU185E-6657_promoter	-	3179312	3179412
TU185E-6658_promoter	-	3183011	3183111
TU185E-6659_promoter	+	3183038	3183138
TU185E-6660_promoter	+	3183805	3183905
TU185E-6661_promoter	+	3184747	3184847
TU185E-6662_promoter	+	3186930	3187030
TU185E-6663_promoter	+	3187563	3187663
TU185E-6664_promoter	-	3189397	3189497
TU185E-6665_promoter	-	3192201	3192301
TU185E-6666_promoter	-	3193158	3193258
TU185E-6667_promoter	-	3196432	3196532
TU185E-6668_promoter	-	3199982	3200082
TU185E-6669_promoter	-	3204290	3204390
TU185E-6670_promoter	-	3208328	3208428
TU185E-6671_promoter	-	3211745	3211845
TU185E-6672_promoter	-	3212108	3212208
TU185E-6673_promoter	-	3213854	3213954
TU185E-6674_promoter	-	3214253	3214353
TU185E-6675_promoter	-	3217643	3217743
TU185E-6676_promoter	-	3218270	3218370
TU185E-6677_promoter	-	3221698	3221798
TU185E-6678_promoter	-	3223524	3223624
TU185E-6679_promoter	-	3226285	3226385
TU185E-6680_promoter	-	3230680	3230780
TU185E-6681_promoter	-	3232506	3232606
TU185E-6682_promoter	-	3234139	3234239
TU185E-6683_promoter	-	3238499	3238599
TU185E-6684_promoter	-	3239470	3239570
TU185E-6685_promoter	-	3241171	3241271
TU185E-6686_promoter	-	3241959	3242059
TU185E-6687_promoter	+	3242098	3242198
TU185E-6688_promoter	+	3243597	3243697
TU185E-6689_promoter	+	3283235	3283335
TU185E-6690_promoter	+	3288364	3288464
TU185E-6691_promoter	+	3289690	3289790
TU185E-6692_promoter	-	3291325	3291425
TU185E-6693_promoter	-	3302455	3302555
TU185E-6694_promoter	-	3304248	3304348
TU185E-6695_promoter	+	3304341	3304441
TU185E-6696_promoter	-	3308545	3308645
TU185E-6697_promoter	+	3308568	3308668
TU185E-6698_promoter	-	3312838	3312938
TU185E-6699_promoter	-	3313201	3313301
TU185E-6700_promoter	+	3315136	3315236
TU185E-6701_promoter	+	3316429	3316529
TU185E-6702_promoter	-	3318815	3318915
TU185E-6703_promoter	-	3319467	3319567
TU185E-6704_promoter	-	3324476	3324576
TU185E-6705_promoter	-	3325703	3325803
TU185E-6706_promoter	+	3325834	3325934
TU185E-6707_promoter	-	3331612	3331712
TU185E-6708_promoter	-	3335748	3335848
TU185E-6709_promoter	-	3337917	3338017
TU185E-6710_promoter	-	3338999	3339099
TU185E-6711_promoter	+	3339018	3339118
TU185E-6712_promoter	+	3339754	3339854
TU185E-6713_promoter	+	3342065	3342165
TU185E-6714_promoter	-	3343820	3343920
TU185E-6715_promoter	-	3346075	3346175
TU185E-6716_promoter	-	3350993	3351093
TU185E-6717_promoter	-	3355069	3355169
TU185E-6718_promoter	+	3354999	3355099
TU185E-6719_promoter	+	3356715	3356815
TU185E-6720_promoter	+	3357502	3357602
TU185E-6721_promoter	+	3358512	3358612
TU185E-6722_promoter	-	3362986	3363086
TU185E-6723_promoter	-	3371730	3371830
TU185E-6724_promoter	-	3375664	3375764
TU185E-6725_promoter	-	3376852	3376952
TU185E-6726_promoter	-	3378243	3378343
TU185E-6727_promoter	-	3378415	3378515
TU185E-6728_promoter	-	3379329	3379429
TU185E-6729_promoter	-	3380993	3381093
TU185E-6730_promoter	-	3382622	3382722
TU185E-6731_promoter	-	3385066	3385166
TU185E-6732_promoter	-	3386919	3387019
TU185E-6733_promoter	-	3388870	3388970
TU185E-6734_promoter	+	3389001	3389101
TU185E-6735_promoter	+	3393280	3393380
TU185E-6736_promoter	-	3397141	3397241
TU185E-6737_promoter	-	3398290	3398390
TU185E-6738_promoter	-	3404921	3405021
TU185E-6739_promoter	+	3405036	3405136
TU185E-6740_promoter	+	3406185	3406285
TU185E-6741_promoter	-	3407688	3407788
TU185E-6742_promoter	-	3408306	3408406
TU185E-6743_promoter	-	3411083	3411183
TU185E-6744_promoter	-	3414166	3414266
TU185E-6745_promoter	-	3414958	3415058
TU185E-6746_promoter	-	3415989	3416089
TU185E-6747_promoter	+	3415981	3416081
TU185E-6748_promoter	-	3418662	3418762
TU185E-6749_promoter	-	3419376	3419476
TU185E-6750_promoter	-	3423213	3423313
TU185E-6751_promoter	-	3425427	3425527
TU185E-6752_promoter	+	3425484	3425584
TU185E-6753_promoter	+	3427143	3427243
TU185E-6754_promoter	+	3430287	3430387
TU185E-6755_promoter	+	3431328	3431428
TU185E-6756_promoter	-	3431912	3432012
TU185E-6757_promoter	-	3433622	3433722
TU185E-6758_promoter	+	3433592	3433692
TU185E-6759_promoter	-	3436685	3436785
TU185E-6760_promoter	+	3438972	3439072
TU185E-6761_promoter	-	3442597	3442697
TU185E-6762_promoter	-	3445988	3446088
TU185E-6763_promoter	+	3448404	3448504
TU185E-6764_promoter	+	3458111	3458211
TU185E-6765_promoter	-	3463891	3463991
TU185E-6766_promoter	+	3463873	3463973
TU185E-6767_promoter	+	3464447	3464547
TU185E-6768_promoter	-	3467091	3467191
TU185E-6769_promoter	-	3467662	3467762
TU185E-6770_promoter	-	3468334	3468434
TU185E-6771_promoter	-	3471369	3471469
TU185E-6772_promoter	-	3473904	3474004
TU185E-6773_promoter	+	3476960	3477060
TU185E-6774_promoter	+	3477549	3477649
TU185E-6775_promoter	+	3479974	3480074
TU185E-6776_promoter	+	3481351	3481451
TU185E-6777_promoter	+	3486409	3486509
TU185E-6778_promoter	+	3487989	3488089
TU185E-6779_promoter	+	3489406	3489506
TU185E-6780_promoter	-	3491651	3491751
TU185E-6781_promoter	-	3492122	3492222
TU185E-6782_promoter	-	3500749	3500849
TU185E-6783_promoter	+	3501234	3501334
TU185E-6784_promoter	+	3501694	3501794
TU185E-6785_promoter	+	3503293	3503393
TU185E-6786_promoter	+	3505263	3505363
TU185E-6787_promoter	+	3507995	3508095
TU185E-6788_promoter	+	3511582	3511682
TU185E-6789_promoter	-	3529163	3529263
TU185E-6790_promoter	-	3531138	3531238
TU185E-6791_promoter	-	3535351	3535451
TU185E-6792_promoter	-	3536057	3536157
TU185E-6793_promoter	+	3536002	3536102
TU185E-6794_promoter	+	3538405	3538505
TU185E-6795_promoter	-	3540745	3540845
TU185E-6796_promoter	-	3541364	3541464
TU185E-6797_promoter	-	3542045	3542145
TU185E-6798_promoter	+	3542038	3542138
TU185E-6799_promoter	+	3545347	3545447
TU185E-6800_promoter	+	3546338	3546438
TU185E-6801_promoter	+	3547518	3547618
TU185E-6802_promoter	-	3550143	3550243
TU185E-6803_promoter	+	3550274	3550374
TU185E-6804_promoter	+	3551181	3551281
TU185E-6805_promoter	+	3552664	3552764
TU185E-6806_promoter	+	3554198	3554298
TU185E-6807_promoter	-	3558345	3558445
TU185E-6808_promoter	-	3559443	3559543
TU185E-6809_promoter	-	3563172	3563272
TU185E-6810_promoter	-	3564286	3564386
TU185E-6811_promoter	+	3564264	3564364
TU185E-6812_promoter	-	3568679	3568779
TU185E-6813_promoter	-	3571211	3571311
TU185E-6814_promoter	-	3572543	3572643
TU185E-6815_promoter	-	3573669	3573769
TU185E-6816_promoter	-	3580200	3580300
TU185E-6817_promoter	+	3580538	3580638
TU185E-6818_promoter	-	3583710	3583810
TU185E-6819_promoter	-	3584658	3584758
TU185E-6820_promoter	+	3587698	3587798
TU185E-6821_promoter	+	3591546	3591646
TU185E-6822_promoter	+	3594368	3594468
TU185E-6823_promoter	+	3595613	3595713
TU185E-6824_promoter	-	3597766	3597866
TU185E-6825_promoter	-	3599551	3599651
TU185E-6826_promoter	+	3599751	3599851
TU185E-6827_promoter	+	3600701	3600801
TU185E-6828_promoter	-	3602440	3602540
TU185E-6829_promoter	-	3603322	3603422
TU185E-6830_promoter	+	3603277	3603377
TU185E-6831_promoter	-	3607034	3607134
TU185E-6832_promoter	-	3608254	3608354
TU185E-6833_promoter	-	3611189	3611289
TU185E-6834_promoter	-	3613603	3613703
TU185E-6835_promoter	-	3614398	3614498
TU185E-6836_promoter	-	3617603	3617703
TU185E-6837_promoter	-	3620531	3620631
TU185E-6838_promoter	-	3621254	3621354
TU185E-6839_promoter	-	3623091	3623191
TU185E-6840_promoter	-	3626613	3626713
TU185E-6841_promoter	-	3627349	3627449
TU185E-6842_promoter	-	3628063	3628163
TU185E-6843_promoter	-	3629647	3629747
TU185E-6844_promoter	-	3631988	3632088
TU185E-6845_promoter	-	3633584	3633684
TU185E-6846_promoter	-	3638709	3638809
TU185E-6847_promoter	-	3639302	3639402
TU185E-6848_promoter	+	3640443	3640543
TU185E-6849_promoter	+	3643077	3643177
TU185E-6850_promoter	-	3647809	3647909
TU185E-6851_promoter	+	3647785	3647885
TU185E-6852_promoter	+	3650134	3650234
TU185E-6853_promoter	+	3653348	3653448
TU185E-6854_promoter	-	3659924	3660024
TU185E-6855_promoter	-	3661169	3661269
TU185E-6856_promoter	-	3662012	3662112
TU185E-6857_promoter	+	3661962	3662062
TU185E-6858_promoter	+	3666257	3666357
TU185E-6859_promoter	-	3669388	3669488
TU185E-6860_promoter	-	3671794	3671894
TU185E-6861_promoter	-	3672297	3672397
TU185E-6862_promoter	+	3672228	3672328
TU185E-6863_promoter	+	3675966	3676066
TU185E-6864_promoter	+	3676675	3676775
TU185E-6865_promoter	-	3687577	3687677
TU185E-6866_promoter	-	3690938	3691038
TU185E-6867_promoter	-	3693989	3694089
TU185E-6868_promoter	+	3693954	3694054
TU185E-6869_promoter	+	3697098	3697198
TU185E-6870_promoter	-	3700330	3700430
TU185E-6871_promoter	-	3701016	3701116
TU185E-6872_promoter	-	3703865	3703965
TU185E-6873_promoter	+	3704002	3704102
TU185E-6874_promoter	-	3708316	3708416
TU185E-6875_promoter	-	3710379	3710479
TU185E-6876_promoter	+	3710333	3710433
TU185E-6877_promoter	+	3711649	3711749
TU185E-6878_promoter	+	3714292	3714392
TU185E-6879_promoter	+	3715677	3715777
TU185E-6880_promoter	+	3716990	3717090
TU185E-6881_promoter	-	3723631	3723731
TU185E-6882_promoter	+	3723556	3723656
TU185E-6883_promoter	+	3723804	3723904
TU185E-6884_promoter	+	3726027	3726127
TU185E-6885_promoter	-	3736935	3737035
TU185E-6886_promoter	-	3742774	3742874
TU185E-6887_promoter	-	3743455	3743555
TU185E-6888_promoter	-	3753184	3753284
TU185E-6889_promoter	-	3755033	3755133
TU185E-6890_promoter	-	3767102	3767202
TU185E-6891_promoter	-	3768140	3768240
TU185E-6892_promoter	-	3768593	3768693
TU185E-6893_promoter	-	3768996	3769096
TU185E-6894_promoter	-	3770649	3770749
TU185E-6895_promoter	+	3770673	3770773
TU185E-6896_promoter	+	3771244	3771344
TU185E-6897_promoter	+	3772551	3772651
TU185E-6898_promoter	-	3774504	3774604
TU185E-6899_promoter	-	3777501	3777601
TU185E-6900_promoter	+	3777637	3777737
TU185E-6901_promoter	+	3778468	3778568
TU185E-6902_promoter	+	3784832	3784932
TU185E-6903_promoter	+	3786214	3786314
TU185E-6904_promoter	+	3787626	3787726
TU185E-6905_promoter	+	3790056	3790156
TU185E-6906_promoter	-	3794867	3794967
TU185E-6907_promoter	-	3796361	3796461
TU185E-6908_promoter	-	3798489	3798589
TU185E-6909_promoter	-	3799943	3800043
TU185E-6910_promoter	+	3799992	3800092
TU185E-6911_promoter	+	3801553	3801653
TU185E-6912_promoter	+	3804765	3804865
TU185E-6913_promoter	+	3805521	3805621
TU185E-6914_promoter	-	3811636	3811736
TU185E-6915_promoter	-	3816106	3816206
TU185E-6916_promoter	+	3816029	3816129
TU185E-6917_promoter	+	3817139	3817239
TU185E-6918_promoter	-	3821891	3821991
TU185E-6919_promoter	-	3824584	3824684
TU185E-6920_promoter	-	3825268	3825368
TU185E-6921_promoter	+	3825230	3825330
TU185E-6922_promoter	-	3828727	3828827
TU185E-6923_promoter	-	3831519	3831619
TU185E-6924_promoter	-	3834521	3834621
TU185E-6925_promoter	-	3836891	3836991
TU185E-6926_promoter	-	3837288	3837388
TU185E-6927_promoter	-	3841420	3841520
TU185E-6928_promoter	-	3842076	3842176
TU185E-6929_promoter	+	3842139	3842239
TU185E-6930_promoter	+	3842936	3843036
TU185E-6931_promoter	-	3844640	3844740
TU185E-6932_promoter	-	3845970	3846070
TU185E-6933_promoter	-	3848805	3848905
TU185E-6934_promoter	-	3850139	3850239
TU185E-6935_promoter	-	3854793	3854893
TU185E-6936_promoter	-	3856889	3856989
TU185E-6937_promoter	+	3856811	3856911
TU185E-6938_promoter	-	3859976	3860076
TU185E-6939_promoter	-	3861370	3861470
TU185E-6940_promoter	-	3862390	3862490
TU185E-6941_promoter	-	3863264	3863364
TU185E-6942_promoter	-	3868238	3868338
TU185E-6943_promoter	+	3868252	3868352
TU185E-6944_promoter	+	3872517	3872617
TU185E-6945_promoter	+	3873352	3873452
TU185E-6946_promoter	+	3874304	3874404
TU185E-6947_promoter	+	3874722	3874822
TU185E-6948_promoter	-	3876822	3876922
TU185E-6949_promoter	-	3878507	3878607
TU185E-6950_promoter	-	3880070	3880170
TU185E-6951_promoter	-	3880653	3880753
TU185E-6952_promoter	+	3880807	3880907
TU185E-6953_promoter	+	3881737	3881837
TU185E-6954_promoter	+	3883425	3883525
TU185E-6955_promoter	+	3883864	3883964
TU185E-6956_promoter	-	3887083	3887183
TU185E-6957_promoter	-	3889341	3889441
TU185E-6958_promoter	+	3890730	3890830
TU185E-6959_promoter	+	3893993	3894093
TU185E-6960_promoter	+	3895720	3895820
TU185E-6961_promoter	-	3900402	3900502
TU185E-6962_promoter	-	3901182	3901282
TU185E-6963_promoter	-	3902106	3902206
TU185E-6964_promoter	-	3902812	3902912
TU185E-6965_promoter	+	3907567	3907667
TU185E-6966_promoter	+	3907972	3908072
TU185E-6967_promoter	+	3909790	3909890
TU185E-6968_promoter	-	3920861	3920961
TU185E-6969_promoter	-	3922256	3922356
TU185E-6970_promoter	+	3922371	3922471
TU185E-6971_promoter	+	3926469	3926569
TU185E-6972_promoter	+	3930905	3931005
TU185E-6973_promoter	-	3939257	3939357
TU185E-6974_promoter	+	3939517	3939617
TU185E-6975_promoter	+	3952444	3952544
TU185E-6976_promoter	+	3953331	3953431
TU185E-6977_promoter	+	3957421	3957521
TU185E-6978_promoter	+	3960655	3960755
TU185E-6979_promoter	+	3962339	3962439
TU185E-6980_promoter	-	3965192	3965292
TU185E-6981_promoter	-	3968944	3969044
TU185E-6982_promoter	-	3972453	3972553
TU185E-6983_promoter	-	3975296	3975396
TU185E-6984_promoter	+	3975269	3975369
TU185E-6985_promoter	+	3977959	3978059
TU185E-6986_promoter	-	3985445	3985545
TU185E-6987_promoter	+	3985457	3985557
TU185E-6988_promoter	+	3986744	3986844
TU185E-6989_promoter	-	3989098	3989198
TU185E-6990_promoter	+	3989053	3989153
TU185E-6991_promoter	+	3991521	3991621
TU185E-6992_promoter	-	3995699	3995799
TU185E-6993_promoter	-	3996964	3997064
TU185E-6994_promoter	-	3997631	3997731
TU185E-6995_promoter	-	4001589	4001689
TU185E-6996_promoter	+	4001537	4001637
TU185E-6997_promoter	-	4008433	4008533
TU185E-6998_promoter	-	4012270	4012370
TU185E-6999_promoter	+	4012317	4012417
TU185E-7000_promoter	+	4018258	4018358
TU185E-7001_promoter	+	4019162	4019262
TU185E-7002_promoter	-	4023803	4023903
TU185E-7003_promoter	-	4025544	4025644
TU185E-7004_promoter	+	4025730	4025830
TU185E-7005_promoter	+	4026344	4026444
TU185E-7006_promoter	-	4029762	4029862
TU185E-7007_promoter	-	4030494	4030594
TU185E-7008_promoter	-	4033158	4033258
TU185E-7009_promoter	-	4034042	4034142
TU185E-7010_promoter	+	4033957	4034057
TU185E-7011_promoter	+	4034252	4034352
TU185E-7012_promoter	+	4035757	4035857
TU185E-7013_promoter	-	4038050	4038150
TU185E-7014_promoter	-	4040704	4040804
TU185E-7015_promoter	-	4041319	4041419
TU185E-7016_promoter	-	4046118	4046218
TU185E-7017_promoter	-	4047496	4047596
TU185E-7018_promoter	-	4052883	4052983
TU185E-7019_promoter	-	4054042	4054142
TU185E-7020_promoter	-	4054696	4054796
TU185E-7021_promoter	-	4055123	4055223
TU185E-7022_promoter	-	4056375	4056475
TU185E-7023_promoter	+	4057633	4057733
TU185E-7024_promoter	-	4060591	4060691
TU185E-7025_promoter	-	4062198	4062298
TU185E-7026_promoter	-	4064872	4064972
TU185E-7027_promoter	-	4067285	4067385
TU185E-7028_promoter	+	4069075	4069175
TU185E-7029_promoter	+	4070414	4070514
TU185E-7030_promoter	+	4071691	4071791
TU185E-7031_promoter	+	4073534	4073634
TU185E-7032_promoter	+	4075652	4075752
TU185E-7033_promoter	+	4076384	4076484
TU185E-7034_promoter	-	4078450	4078550
TU185E-7035_promoter	-	4079749	4079849
TU185E-7036_promoter	-	4080765	4080865
TU185E-7037_promoter	-	4081437	4081537
TU185E-7038_promoter	-	4082721	4082821
TU185E-7039_promoter	-	4087257	4087357
TU185E-7040_promoter	-	4088188	4088288
TU185E-7041_promoter	-	4088531	4088631
TU185E-7042_promoter	+	4088681	4088781
TU185E-7043_promoter	+	4091133	4091233
TU185E-7044_promoter	+	4091741	4091841
TU185E-7045_promoter	+	4093368	4093468
TU185E-7046_promoter	+	4093532	4093632
TU185E-7047_promoter	-	4097994	4098094
TU185E-7048_promoter	-	4099148	4099248
TU185E-7049_promoter	-	4099478	4099578
TU185E-7050_promoter	+	4099547	4099647
TU185E-7051_promoter	+	4100569	4100669
TU185E-7052_promoter	-	4107084	4107184
TU185E-7053_promoter	+	4110727	4110827
TU185E-7054_promoter	-	4114342	4114442
TU185E-7055_promoter	-	4115894	4115994
TU185E-7056_promoter	+	4115902	4116002
TU185E-7057_promoter	+	4116378	4116478
TU185E-7058_promoter	-	4118691	4118791
TU185E-7059_promoter	+	4118676	4118776
TU185E-7060_promoter	+	4121816	4121916
TU185E-7061_promoter	+	4124317	4124417
TU185E-7062_promoter	+	4125339	4125439
TU185E-7063_promoter	+	4126441	4126541
TU185E-7064_promoter	-	4129083	4129183
TU185E-7065_promoter	-	4129691	4129791
TU185E-7066_promoter	-	4130357	4130457
TU185E-7067_promoter	+	4130257	4130357
TU185E-7068_promoter	+	4132418	4132518
TU185E-7069_promoter	+	4134626	4134726
TU185E-7070_promoter	-	4139755	4139855
TU185E-7071_promoter	-	4140463	4140563
TU185E-7072_promoter	+	4140393	4140493
TU185E-7073_promoter	-	4148186	4148286
TU185E-7074_promoter	-	4148962	4149062
TU185E-7075_promoter	-	4149480	4149580
TU185E-7076_promoter	-	4149911	4150011
TU185E-7077_promoter	-	4151040	4151140
TU185E-7078_promoter	-	4153483	4153583
TU185E-7079_promoter	+	4156881	4156981
TU185E-7080_promoter	-	4159821	4159921
TU185E-7081_promoter	-	4160913	4161013
TU185E-7082_promoter	+	4162206	4162306
TU185E-7083_promoter	-	4166731	4166831
TU185E-7084_promoter	-	4168281	4168381
TU185E-7085_promoter	+	4168245	4168345
TU185E-7086_promoter	+	4168436	4168536
TU185E-7087_promoter	+	4169367	4169467
TU185E-7088_promoter	+	4169506	4169606
TU185E-7089_promoter	+	4170114	4170214
TU185E-7090_promoter	+	4171321	4171421
TU185E-7091_promoter	+	4172855	4172955
TU185E-7092_promoter	+	4174773	4174873
TU185E-7093_promoter	+	4178185	4178285
TU185E-7094_promoter	+	4181658	4181758
TU185E-7095_promoter	+	4182834	4182934
TU185E-7096_promoter	-	4185890	4185990
TU185E-7097_promoter	+	4185989	4186089
TU185E-7098_promoter	+	4186534	4186634
TU185E-7099_promoter	-	4190232	4190332
TU185E-7100_promoter	-	4190517	4190617
TU185E-7101_promoter	-	4193245	4193345
TU185E-7102_promoter	-	4195373	4195473
TU185E-7103_promoter	-	4196098	4196198
TU185E-7104_promoter	-	4196506	4196606
TU185E-7105_promoter	+	4196624	4196724
TU185E-7106_promoter	+	4197136	4197236
TU185E-7107_promoter	-	4198137	4198237
TU185E-7108_promoter	-	4198597	4198697
TU185E-7109_promoter	-	4200221	4200321
TU185E-7110_promoter	-	4205373	4205473
TU185E-7111_promoter	-	4206917	4207017
TU185E-7112_promoter	-	4208876	4208976
TU185E-7113_promoter	-	4211009	4211109
TU185E-7114_promoter	-	4211784	4211884
TU185E-7115_promoter	+	4213970	4214070
TU185E-7116_promoter	+	4214515	4214615
TU185E-7117_promoter	-	4215775	4215875
TU185E-7118_promoter	-	4216269	4216369
TU185E-7119_promoter	-	4216730	4216830
TU185E-7120_promoter	-	4217056	4217156
TU185E-7121_promoter	+	4218749	4218849
TU185E-7122_promoter	+	4220989	4221089
TU185E-7123_promoter	+	4224885	4224985
TU185E-7124_promoter	+	4230156	4230256
TU185E-7125_promoter	+	4231220	4231320
TU185E-7126_promoter	-	4234536	4234636
TU185E-7127_promoter	+	4234680	4234780
TU185E-7128_promoter	+	4235274	4235374
TU185E-7129_promoter	+	4249778	4249878
TU185E-7130_promoter	+	4250985	4251085
TU185E-7131_promoter	+	4252893	4252993
TU185E-7132_promoter	-	4264365	4264465
TU185E-7133_promoter	-	4265462	4265562
TU185E-7134_promoter	-	4273475	4273575
TU185E-7135_promoter	+	4273639	4273739
TU185E-7136_promoter	+	4274698	4274798
TU185E-7137_promoter	+	4276471	4276571
TU185E-7138_promoter	-	4281571	4281671
TU185E-7139_promoter	+	4281547	4281647
TU185E-7140_promoter	+	4282349	4282449
TU185E-7141_promoter	+	4285873	4285973
TU185E-7142_promoter	-	4291529	4291629
TU185E-7143_promoter	-	4299605	4299705
TU185E-7144_promoter	-	4305008	4305108
TU185E-7145_promoter	-	4305685	4305785
TU185E-7146_promoter	+	4308947	4309047
TU185E-7147_promoter	-	4312669	4312769
TU185E-7148_promoter	+	4312665	4312765
TU185E-7149_promoter	+	4314078	4314178
TU185E-7150_promoter	+	4316973	4317073
TU185E-7151_promoter	+	4318675	4318775
TU185E-7152_promoter	+	4320604	4320704
TU185E-7153_promoter	+	4321438	4321538
TU185E-7154_promoter	+	4322226	4322326
TU185E-7155_promoter	+	4323399	4323499
TU185E-7156_promoter	+	4323915	4324015
TU185E-7157_promoter	+	4324974	4325074
TU185E-7158_promoter	-	4329614	4329714
TU185E-7159_promoter	-	4336081	4336181
TU185E-7160_promoter	+	4336677	4336777
TU185E-7161_promoter	+	4338749	4338849
TU185E-7162_promoter	+	4340170	4340270
TU185E-7163_promoter	+	4341466	4341566
TU185E-7164_promoter	+	4348727	4348827
TU185E-7165_promoter	+	4350645	4350745
TU185E-7166_promoter	+	4352174	4352274
TU185E-7167_promoter	+	4352910	4353010
TU185E-7168_promoter	+	4356593	4356693
TU185E-7169_promoter	-	4359782	4359882
TU185E-7170_promoter	-	4361925	4362025
TU185E-7171_promoter	-	4364757	4364857
TU185E-7172_promoter	-	4366838	4366938
TU185E-7173_promoter	-	4372706	4372806
TU185E-7174_promoter	-	4373630	4373730
TU185E-7175_promoter	-	4374372	4374472
TU185E-7176_promoter	-	4375683	4375783
TU185E-7177_promoter	-	4375995	4376095
TU185E-7178_promoter	-	4382851	4382951
TU185E-7179_promoter	-	4383985	4384085
TU185E-7180_promoter	-	4386308	4386408
TU185E-7181_promoter	-	4386814	4386914
TU185E-7182_promoter	-	4391031	4391131
TU185E-7183_promoter	-	4393073	4393173
TU185E-7184_promoter	+	4393349	4393449
TU185E-7185_promoter	+	4401628	4401728
TU185E-7186_promoter	+	4403092	4403192
TU185E-7187_promoter	-	4405167	4405267
TU185E-7188_promoter	-	4408202	4408302
TU185E-7189_promoter	-	4408897	4408997
TU185E-7190_promoter	-	4410929	4411029
TU185E-7191_promoter	-	4338521	4338621
TU185E-7192_promoter	+	4327449	4327549
TU185E-7193_promoter	-	4327473	4327573
TU185E-7194_promoter	-	4316596	4316696
TU185E-7195_promoter	+	4314698	4314798
TU185E-7196_promoter	-	4315562	4315662
TU185E-7197_promoter	-	4308914	4309014
TU185E-7198_promoter	+	4306767	4306867
TU185E-7199_promoter	-	4306811	4306911
TU185E-7200_promoter	+	4305657	4305757
TU185E-7201_promoter	+	4299712	4299812
TU185E-7202_promoter	-	4285825	4285925
TU185E-7203_promoter	-	4224895	4224995
TU185E-7204_promoter	+	4222594	4222694
TU185E-7205_promoter	-	4222667	4222767
TU185E-7206_promoter	-	4218825	4218925
TU185E-7207_promoter	+	4217034	4217134
TU185E-7208_promoter	-	4213940	4214040
TU185E-7209_promoter	+	4212193	4212293
TU185E-7210_promoter	+	4208947	4209047
TU185E-7211_promoter	+	4205438	4205538
TU185E-7212_promoter	+	4200321	4200421
TU185E-7213_promoter	+	4198774	4198874
TU185E-7214_promoter	+	4195340	4195440
TU185E-7215_promoter	-	4181720	4181820
TU185E-7216_promoter	-	4162258	4162358
TU185E-7217_promoter	+	4160948	4161048
TU185E-7218_promoter	-	4156729	4156829
TU185E-7219_promoter	+	4153640	4153740
TU185E-7220_promoter	+	4137106	4137206
TU185E-7221_promoter	-	4137114	4137214
TU185E-7222_promoter	-	4121554	4121654
TU185E-7223_promoter	-	4110481	4110581
TU185E-7224_promoter	+	4107692	4107792
TU185E-7225_promoter	+	4082707	4082807
TU185E-7226_promoter	+	4081060	4081160
TU185E-7227_promoter	-	4073611	4073711
TU185E-7228_promoter	-	4069054	4069154
TU185E-7229_promoter	+	4067323	4067423
TU185E-7230_promoter	+	4062427	4062527
TU185E-7231_promoter	+	4052850	4052950
TU185E-7232_promoter	+	4040779	4040879
TU185E-7233_promoter	+	4030393	4030493
TU185E-7234_promoter	-	4018168	4018268
TU185E-7235_promoter	+	4016384	4016484
TU185E-7236_promoter	-	4016212	4016312
TU185E-7237_promoter	+	3997880	3997980
TU185E-7238_promoter	+	3969243	3969343
TU185E-7239_promoter	-	3962324	3962424
TU185E-7240_promoter	-	3957368	3957468
TU185E-7241_promoter	+	3955450	3955550
TU185E-7242_promoter	-	3955521	3955621
TU185E-7243_promoter	-	3952470	3952570
TU185E-7244_promoter	+	3945694	3945794
TU185E-7245_promoter	-	3945748	3945848
TU185E-7246_promoter	-	3907007	3907107
TU185E-7247_promoter	+	3905672	3905772
TU185E-7248_promoter	-	3905566	3905666
TU185E-7249_promoter	+	3902978	3903078
TU185E-7250_promoter	-	3893720	3893820
TU185E-7251_promoter	-	3890733	3890833
TU185E-7252_promoter	+	3889262	3889362
TU185E-7253_promoter	-	3872496	3872596
TU185E-7254_promoter	+	3847065	3847165
TU185E-7255_promoter	+	3834792	3834892
TU185E-7256_promoter	+	3831626	3831726
TU185E-7257_promoter	+	3811619	3811719
TU185E-7258_promoter	+	3808361	3808461
TU185E-7259_promoter	-	3808437	3808537
TU185E-7260_promoter	-	3804791	3804891
TU185E-7261_promoter	-	3784740	3784840
TU185E-7262_promoter	+	3780878	3780978
TU185E-7263_promoter	-	3780979	3781079
TU185E-7264_promoter	+	3769011	3769111
TU185E-7265_promoter	+	3753665	3753765
TU185E-7266_promoter	-	3725844	3725944
TU185E-7267_promoter	+	3721157	3721257
TU185E-7268_promoter	-	3720782	3720882
TU185E-7269_promoter	-	3714332	3714432
TU185E-7270_promoter	-	3697093	3697193
TU185E-7271_promoter	+	3691041	3691141
TU185E-7272_promoter	-	3675995	3676095
TU185E-7273_promoter	+	3659778	3659878
TU185E-7274_promoter	-	3653347	3653447
TU185E-7275_promoter	-	3640141	3640241
TU185E-7276_promoter	+	3639325	3639425
TU185E-7277_promoter	+	3633575	3633675
TU185E-7278_promoter	+	3611200	3611300
TU185E-7279_promoter	-	3594235	3594335
TU185E-7280_promoter	-	3591492	3591592
TU185E-7281_promoter	-	3587539	3587639
TU185E-7282_promoter	+	3586174	3586274
TU185E-7283_promoter	-	3585949	3586049
TU185E-7284_promoter	+	3584904	3585004
TU185E-7285_promoter	+	3571235	3571335
TU185E-7286_promoter	+	3566924	3567024
TU185E-7287_promoter	-	3566896	3566996
TU185E-7288_promoter	+	3559463	3559563
TU185E-7289_promoter	+	3556755	3556855
TU185E-7290_promoter	-	3556687	3556787
TU185E-7291_promoter	-	3545300	3545400
TU185E-7292_promoter	-	3511317	3511417
TU185E-7293_promoter	+	3509554	3509654
TU185E-7294_promoter	-	3509546	3509646
TU185E-7295_promoter	-	3503277	3503377
TU185E-7296_promoter	+	3496451	3496551
TU185E-7297_promoter	-	3496366	3496466
TU185E-7298_promoter	+	3494560	3494660
TU185E-7299_promoter	-	3494181	3494281
TU185E-7300_promoter	+	3492047	3492147
TU185E-7301_promoter	-	3476961	3477061
TU185E-7302_promoter	+	3473907	3474007
TU185E-7303_promoter	+	3467506	3467606
TU185E-7304_promoter	-	3448426	3448526
TU185E-7305_promoter	+	3445940	3446040
TU185E-7306_promoter	-	3438973	3439073
TU185E-7307_promoter	+	3436679	3436779
TU185E-7308_promoter	-	3430250	3430350
TU185E-7309_promoter	+	3419392	3419492
TU185E-7310_promoter	+	3395279	3395379
TU185E-7311_promoter	-	3394921	3395021
TU185E-7312_promoter	+	3375658	3375758
TU185E-7313_promoter	+	3371715	3371815
TU185E-7314_promoter	+	3366544	3366644
TU185E-7315_promoter	-	3366450	3366550
TU185E-7316_promoter	+	3364609	3364709
TU185E-7317_promoter	-	3364532	3364632
TU185E-7318_promoter	+	3363248	3363348
TU185E-7319_promoter	-	3357428	3357528
TU185E-7320_promoter	+	3351169	3351269
TU185E-7321_promoter	+	3347882	3347982
TU185E-7322_promoter	-	3347719	3347819
TU185E-7323_promoter	+	3346047	3346147
TU185E-7324_promoter	+	3335860	3335960
TU185E-7325_promoter	-	3315122	3315222
TU185E-7326_promoter	+	3313183	3313283
TU185E-7327_promoter	-	3282715	3282815
TU185E-7328_promoter	+	3226263	3226363
TU185E-7329_promoter	+	3218239	3218339
TU185E-7330_promoter	+	3214528	3214628
TU185E-7331_promoter	+	3202320	3202420
TU185E-7332_promoter	-	3202020	3202120
TU185E-7333_promoter	+	3200166	3200266
TU185E-7334_promoter	+	3196331	3196431
TU185E-7335_promoter	+	3193293	3193393
TU185E-7336_promoter	-	3177265	3177365
TU185E-7337_promoter	+	3137171	3137271
TU185E-7338_promoter	-	3113094	3113194
TU185E-7339_promoter	+	3111722	3111822
TU185E-7340_promoter	+	3086720	3086820
TU185E-7341_promoter	+	3082809	3082909
TU185E-7342_promoter	+	3074536	3074636
TU185E-7343_promoter	-	3062506	3062606
TU185E-7344_promoter	+	3059162	3059262
TU185E-7345_promoter	+	3051519	3051619
TU185E-7346_promoter	+	3046721	3046821
TU185E-7347_promoter	-	3034619	3034719
TU185E-7348_promoter	+	3031688	3031788
TU185E-7349_promoter	-	3025328	3025428
TU185E-7350_promoter	-	3021796	3021896
TU185E-7351_promoter	+	3020473	3020573
TU185E-7352_promoter	-	3016735	3016835
TU185E-7353_promoter	+	3015103	3015203
TU185E-7354_promoter	-	3014965	3015065
TU185E-7355_promoter	+	3014073	3014173
TU185E-7356_promoter	+	3011816	3011916
TU185E-7357_promoter	-	2999968	3000068
TU185E-7358_promoter	-	2986840	2986940
TU185E-7359_promoter	+	2946334	2946434
TU185E-7360_promoter	-	2946287	2946387
TU185E-7361_promoter	+	2945230	2945330
TU185E-7362_promoter	-	2944985	2945085
TU185E-7363_promoter	+	2943276	2943376
TU185E-7364_promoter	+	2906714	2906814
TU185E-7365_promoter	+	2903539	2903639
TU185E-7366_promoter	-	2903531	2903631
TU185E-7367_promoter	+	2900818	2900918
TU185E-7368_promoter	-	2900690	2900790
TU185E-7369_promoter	+	2894412	2894512
TU185E-7370_promoter	-	2879929	2880029
TU185E-7371_promoter	+	2860352	2860452
TU185E-7372_promoter	+	2852775	2852875
TU185E-7373_promoter	-	2852671	2852771
TU185E-7374_promoter	+	2837584	2837684
TU185E-7375_promoter	-	2837615	2837715
TU185E-7376_promoter	+	2830061	2830161
TU185E-7377_promoter	-	2829803	2829903
TU185E-7378_promoter	-	2827089	2827189
TU185E-7379_promoter	+	2824578	2824678
TU185E-7380_promoter	-	2824593	2824693
TU185E-7381_promoter	+	2768886	2768986
TU185E-7382_promoter	+	2752162	2752262
TU185E-7383_promoter	+	2740609	2740709
TU185E-7384_promoter	+	2736609	2736709
TU185E-7385_promoter	-	2736831	2736931
TU185E-7386_promoter	+	2709975	2710075
TU185E-7387_promoter	-	2704437	2704537
TU185E-7388_promoter	+	2703169	2703269
TU185E-7389_promoter	+	2698429	2698529
TU185E-7390_promoter	-	2698245	2698345
TU185E-7391_promoter	+	2697628	2697728
TU185E-7392_promoter	+	2680665	2680765
TU185E-7393_promoter	-	2680005	2680105
TU185E-7394_promoter	+	2655165	2655265
TU185E-7395_promoter	+	2651653	2651753
TU185E-7396_promoter	+	2644220	2644320
TU185E-7397_promoter	+	2623721	2623821
TU185E-7398_promoter	+	2614593	2614693
TU185E-7399_promoter	-	2608321	2608421
TU185E-7400_promoter	+	2596234	2596334
TU185E-7401_promoter	+	2580319	2580419
TU185E-7402_promoter	-	2559569	2559669
TU185E-7403_promoter	-	2555876	2555976
TU185E-7404_promoter	-	2550029	2550129
TU185E-7405_promoter	-	2538350	2538450
TU185E-7406_promoter	+	2535541	2535641
TU185E-7407_promoter	-	2517134	2517234
TU185E-7408_promoter	+	2509389	2509489
TU185E-7409_promoter	-	2509375	2509475
TU185E-7410_promoter	+	2500831	2500931
TU185E-7411_promoter	-	2500751	2500851
TU185E-7412_promoter	+	2487515	2487615
TU185E-7413_promoter	-	2487416	2487516
TU185E-7414_promoter	-	2481701	2481801
TU185E-7415_promoter	+	2468131	2468231
TU185E-7416_promoter	-	2468027	2468127
TU185E-7417_promoter	+	2464897	2464997
TU185E-7418_promoter	-	2456743	2456843
TU185E-7419_promoter	+	2453719	2453819
TU185E-7420_promoter	+	2448060	2448160
TU185E-7421_promoter	+	2443202	2443302
TU185E-7422_promoter	+	2437841	2437941
TU185E-7423_promoter	-	2434536	2434636
TU185E-7424_promoter	+	2402877	2402977
TU185E-7425_promoter	+	2401887	2401987
TU185E-7426_promoter	+	2393311	2393411
TU185E-7427_promoter	-	2387972	2388072
TU185E-7428_promoter	+	2386193	2386293
TU185E-7429_promoter	-	2386067	2386167
TU185E-7430_promoter	+	2380971	2381071
TU185E-7431_promoter	+	2378286	2378386
TU185E-7432_promoter	-	2378312	2378412
TU185E-7433_promoter	-	2376290	2376390
TU185E-7434_promoter	+	2347273	2347373
TU185E-7435_promoter	-	2347324	2347424
TU185E-7436_promoter	-	2338505	2338605
TU185E-7437_promoter	+	2330893	2330993
TU185E-7438_promoter	+	2326844	2326944
TU185E-7439_promoter	+	2313025	2313125
TU185E-7440_promoter	+	2307721	2307821
TU185E-7441_promoter	-	2307517	2307617
TU185E-7442_promoter	+	2299645	2299745
TU185E-7443_promoter	+	2291169	2291269
TU185E-7444_promoter	-	2281082	2281182
TU185E-7445_promoter	+	2279029	2279129
TU185E-7446_promoter	-	2263072	2263172
TU185E-7447_promoter	-	2259285	2259385
TU185E-7448_promoter	+	2251902	2252002
TU185E-7449_promoter	+	2226144	2226244
TU185E-7450_promoter	-	2219251	2219351
TU185E-7451_promoter	+	2204112	2204212
TU185E-7452_promoter	-	2201744	2201844
TU185E-7453_promoter	+	2197924	2198024
TU185E-7454_promoter	-	2197960	2198060
TU185E-7455_promoter	+	2195889	2195989
TU185E-7456_promoter	+	2183272	2183372
TU185E-7457_promoter	+	2179573	2179673
TU185E-7458_promoter	-	2179436	2179536
TU185E-7459_promoter	+	2176987	2177087
TU185E-7460_promoter	-	2176930	2177030
TU185E-7461_promoter	-	2173795	2173895
TU185E-7462_promoter	+	2171523	2171623
TU185E-7463_promoter	-	2160328	2160428
TU185E-7464_promoter	+	2159091	2159191
TU185E-7465_promoter	-	2150274	2150374
TU185E-7466_promoter	+	2147562	2147662
TU185E-7467_promoter	+	2144840	2144940
TU185E-7468_promoter	+	2142421	2142521
TU185E-7469_promoter	-	2141869	2141969
TU185E-7470_promoter	+	2136158	2136258
TU185E-7471_promoter	+	2079730	2079830
TU185E-7472_promoter	-	2079789	2079889
TU185E-7473_promoter	-	2024628	2024728
TU185E-7474_promoter	-	2017476	2017576
TU185E-7475_promoter	+	2014599	2014699
TU185E-7476_promoter	+	2010556	2010656
TU185E-7477_promoter	-	2010555	2010655
TU185E-7478_promoter	-	2007766	2007866
TU185E-7479_promoter	+	1993053	1993153
TU185E-7480_promoter	-	1992577	1992677
TU185E-7481_promoter	+	1988942	1989042
TU185E-7482_promoter	-	1967637	1967737
TU185E-7483_promoter	+	1965557	1965657
TU185E-7484_promoter	+	1960567	1960667
TU185E-7485_promoter	+	1957577	1957677
TU185E-7486_promoter	+	1953170	1953270
TU185E-7487_promoter	-	1952503	1952603
TU185E-7488_promoter	+	1951752	1951852
TU185E-7489_promoter	-	1915190	1915290
TU185E-7490_promoter	-	1865382	1865482
TU185E-7491_promoter	-	1855454	1855554
TU185E-7492_promoter	+	1843641	1843741
TU185E-7493_promoter	-	1843692	1843792
TU185E-7494_promoter	+	1842351	1842451
TU185E-7495_promoter	-	1842242	1842342
TU185E-7496_promoter	-	1836830	1836930
TU185E-7497_promoter	+	1828080	1828180
TU185E-7498_promoter	-	1807762	1807862
TU185E-7499_promoter	-	1799483	1799583
TU185E-7500_promoter	-	1779298	1779398
TU185E-7501_promoter	-	1753333	1753433
TU185E-7502_promoter	-	1742192	1742292
TU185E-7503_promoter	-	1733550	1733650
TU185E-7504_promoter	-	1717612	1717712
TU185E-7505_promoter	-	1699894	1699994
TU185E-7506_promoter	+	1697256	1697356
TU185E-7507_promoter	-	1681966	1682066
TU185E-7508_promoter	-	1676883	1676983
TU185E-7509_promoter	-	1673299	1673399
TU185E-7510_promoter	+	1640580	1640680
TU185E-7511_promoter	-	1640660	1640760
TU185E-7512_promoter	+	1638281	1638381
TU185E-7513_promoter	-	1638229	1638329
TU185E-7514_promoter	+	1634929	1635029
TU185E-7515_promoter	+	1619691	1619791
TU185E-7516_promoter	-	1619684	1619784
TU185E-7517_promoter	+	1617737	1617837
TU185E-7518_promoter	-	1617386	1617486
TU185E-7519_promoter	-	1612950	1613050
TU185E-7520_promoter	+	1599558	1599658
TU185E-7521_promoter	-	1599654	1599754
TU185E-7522_promoter	-	1581969	1582069
TU185E-7523_promoter	+	1580491	1580591
TU185E-7524_promoter	-	1580422	1580522
TU185E-7525_promoter	+	1570947	1571047
TU185E-7526_promoter	-	1547530	1547630
TU185E-7527_promoter	+	1540920	1541020
TU185E-7528_promoter	-	1540645	1540745
TU185E-7529_promoter	-	1512605	1512705
TU185E-7530_promoter	+	1494464	1494564
TU185E-7531_promoter	-	1485771	1485871
TU185E-7532_promoter	+	1444958	1445058
TU185E-7533_promoter	-	1445047	1445147
TU185E-7534_promoter	-	1425914	1426014
TU185E-7535_promoter	+	1413160	1413260
TU185E-7536_promoter	-	1413224	1413324
TU185E-7537_promoter	+	1394079	1394179
TU185E-7538_promoter	+	1386757	1386857
TU185E-7539_promoter	-	1386677	1386777
TU185E-7540_promoter	-	1383042	1383142
TU185E-7541_promoter	+	1370820	1370920
TU185E-7542_promoter	+	1355736	1355836
TU185E-7543_promoter	-	1355661	1355761
TU185E-7544_promoter	+	1345160	1345260
TU185E-7545_promoter	-	1345169	1345269
TU185E-7546_promoter	+	1342842	1342942
TU185E-7547_promoter	-	1342605	1342705
TU185E-7548_promoter	-	1338513	1338613
TU185E-7549_promoter	-	1313299	1313399
TU185E-7550_promoter	+	1302831	1302931
TU185E-7551_promoter	-	1302681	1302781
TU185E-7552_promoter	-	1286568	1286668
TU185E-7553_promoter	+	1284892	1284992
TU185E-7554_promoter	-	1284862	1284962
TU185E-7555_promoter	+	1283593	1283693
TU185E-7556_promoter	-	1284171	1284271
TU185E-7557_promoter	+	1279555	1279655
TU185E-7558_promoter	-	1279617	1279717
TU185E-7559_promoter	-	1277748	1277848
TU185E-7560_promoter	+	1267247	1267347
TU185E-7561_promoter	-	1264128	1264228
TU185E-7562_promoter	+	1261822	1261922
TU185E-7563_promoter	-	1261346	1261446
TU185E-7564_promoter	-	1247052	1247152
TU185E-7565_promoter	+	1241533	1241633
TU185E-7566_promoter	-	1241390	1241490
TU185E-7567_promoter	-	1238192	1238292
TU185E-7568_promoter	+	1236085	1236185
TU185E-7569_promoter	+	1228583	1228683
TU185E-7570_promoter	-	1210484	1210584
TU185E-7571_promoter	-	1176286	1176386
TU185E-7572_promoter	-	1174700	1174800
TU185E-7573_promoter	-	1172153	1172253
TU185E-7574_promoter	+	1169323	1169423
TU185E-7575_promoter	-	1169228	1169328
TU185E-7576_promoter	-	1127003	1127103
TU185E-7577_promoter	+	1123614	1123714
TU185E-7578_promoter	+	1119922	1120022
TU185E-7579_promoter	-	1119939	1120039
TU185E-7580_promoter	+	1117085	1117185
TU185E-7581_promoter	-	1117148	1117248
TU185E-7582_promoter	-	1101480	1101580
TU185E-7583_promoter	-	1096451	1096551
TU185E-7584_promoter	+	1094786	1094886
TU185E-7585_promoter	+	1090273	1090373
TU185E-7586_promoter	-	1064962	1065062
TU185E-7587_promoter	-	1061654	1061754
TU185E-7588_promoter	+	1058160	1058260
TU185E-7589_promoter	-	1053736	1053836
TU185E-7590_promoter	+	1052260	1052360
TU185E-7591_promoter	-	1046020	1046120
TU185E-7592_promoter	-	996295	996395
TU185E-7593_promoter	+	993753	993853
TU185E-7594_promoter	+	987133	987233
TU185E-7595_promoter	-	985971	986071
TU185E-7596_promoter	+	975975	976075
TU185E-7597_promoter	+	970405	970505
TU185E-7598_promoter	-	970244	970344
TU185E-7599_promoter	+	967798	967898
TU185E-7600_promoter	-	954920	955020
TU185E-7601_promoter	-	951118	951218
TU185E-7602_promoter	+	948459	948559
TU185E-7603_promoter	-	948468	948568
TU185E-7604_promoter	-	944194	944294
TU185E-7605_promoter	+	941090	941190
TU185E-7606_promoter	-	941106	941206
TU185E-7607_promoter	-	937317	937417
TU185E-7608_promoter	+	930853	930953
TU185E-7609_promoter	-	930485	930585
TU185E-7610_promoter	+	919534	919634
TU185E-7611_promoter	-	919553	919653
TU185E-7612_promoter	+	918164	918264
TU185E-7613_promoter	+	906323	906423
TU185E-7614_promoter	-	901330	901430
TU185E-7615_promoter	-	895628	895728
TU185E-7616_promoter	-	888636	888736
TU185E-7617_promoter	+	886619	886719
TU185E-7618_promoter	-	881464	881564
TU185E-7619_promoter	-	878440	878540
TU185E-7620_promoter	-	873292	873392
TU185E-7621_promoter	-	869763	869863
TU185E-7622_promoter	+	868307	868407
TU185E-7623_promoter	+	846059	846159
TU185E-7624_promoter	+	841933	842033
TU185E-7625_promoter	-	841874	841974
TU185E-7626_promoter	-	824639	824739
TU185E-7627_promoter	+	778890	778990
TU185E-7628_promoter	-	769597	769697
TU185E-7629_promoter	-	749929	750029
TU185E-7630_promoter	-	717893	717993
TU185E-7631_promoter	-	710850	710950
TU185E-7632_promoter	-	709515	709615
TU185E-7633_promoter	+	706224	706324
TU185E-7634_promoter	-	684272	684372
TU185E-7635_promoter	+	679129	679229
TU185E-7636_promoter	-	679075	679175
TU185E-7637_promoter	-	677616	677716
TU185E-7638_promoter	+	676138	676238
TU185E-7639_promoter	-	675916	676016
TU185E-7640_promoter	-	629731	629831
TU185E-7641_promoter	-	622282	622382
TU185E-7642_promoter	-	614721	614821
TU185E-7643_promoter	-	612074	612174
TU185E-7644_promoter	-	608535	608635
TU185E-7645_promoter	-	586314	586414
TU185E-7646_promoter	+	584595	584695
TU185E-7647_promoter	-	573801	573901
TU185E-7648_promoter	+	532296	532396
TU185E-7649_promoter	+	528508	528608
TU185E-7650_promoter	-	501018	501118
TU185E-7651_promoter	+	499613	499713
TU185E-7652_promoter	-	490705	490805
TU185E-7653_promoter	+	479689	479789
TU185E-7654_promoter	-	474841	474941
TU185E-7655_promoter	+	472681	472781
TU185E-7656_promoter	-	472639	472739
TU185E-7657_promoter	+	442295	442395
TU185E-7658_promoter	-	442299	442399
TU185E-7659_promoter	-	438739	438839
TU185E-7660_promoter	-	416965	417065
TU185E-7661_promoter	+	414950	415050
TU185E-7662_promoter	-	414941	415041
TU185E-7663_promoter	+	400092	400192
TU185E-7664_promoter	-	400050	400150
TU185E-7665_promoter	+	394011	394111
TU185E-7666_promoter	-	394045	394145
TU185E-7667_promoter	-	391251	391351
TU185E-7668_promoter	-	383541	383641
TU185E-7669_promoter	-	379148	379248
TU185E-7670_promoter	-	377055	377155
TU185E-7671_promoter	+	375814	375914
TU185E-7672_promoter	+	358071	358171
TU185E-7673_promoter	-	358064	358164
TU185E-7674_promoter	+	331648	331748
TU185E-7675_promoter	-	331658	331758
TU185E-7676_promoter	+	330322	330422
TU185E-7677_promoter	+	324467	324567
TU185E-7678_promoter	+	321231	321331
TU185E-7679_promoter	+	309599	309699
TU185E-7680_promoter	-	295633	295733
TU185E-7681_promoter	+	272955	273055
TU185E-7682_promoter	+	268563	268663
TU185E-7683_promoter	-	260831	260931
TU185E-7684_promoter	+	258813	258913
TU185E-7685_promoter	-	258856	258956
TU185E-7686_promoter	+	255964	256064
TU185E-7687_promoter	+	243284	243384
TU185E-7688_promoter	-	243214	243314
TU185E-7689_promoter	+	241414	241514
TU185E-7690_promoter	-	236507	236607
TU185E-7691_promoter	-	226571	226671
TU185E-7692_promoter	-	221723	221823
TU185E-7693_promoter	-	218551	218651
TU185E-7694_promoter	-	194815	194915
TU185E-7695_promoter	-	193135	193235
TU185E-7696_promoter	+	190507	190607
TU185E-7697_promoter	+	186685	186785
TU185E-7698_promoter	-	186623	186723
TU185E-7699_promoter	-	170182	170282
TU185E-7700_promoter	+	167611	167711
TU185E-7701_promoter	-	167681	167781
TU185E-7702_promoter	-	165260	165360
TU185E-7703_promoter	+	163266	163366
TU185E-7704_promoter	-	163249	163349
TU185E-7705_promoter	+	157747	157847
TU185E-7706_promoter	-	157600	157700
TU185E-7707_promoter	+	143949	144049
TU185E-7708_promoter	-	143876	143976
TU185E-7709_promoter	+	141100	141200
TU185E-7710_promoter	-	141022	141122
TU185E-7711_promoter	+	124274	124374
TU185E-7712_promoter	-	124264	124364
TU185E-7713_promoter	+	122217	122317
TU185E-7714_promoter	-	122173	122273
TU185E-7715_promoter	+	86428	86528
TU185E-7716_promoter	+	75201	75301
TU185E-7717_promoter	-	65350	65450
TU185E-7718_promoter	+	43462	43562
TU185E-7719_promoter	+	41204	41304
TU185E-7720_promoter	+	25544	25644
TU185E-7721_promoter	+	12368	12468
TU185E-7722_promoter	-	12311	12411
TU185E-913_promoter	-	1987696	1987796
