ERR751333,0,0,408,421,445,426,435,444,440,445,417,443,449,440,441,445,426,428,429,427,424,425,428,434,453,442,387,405,398,383,393,384,395,387,417,422,412,425,418,415,443,1701,1781,1781,1798,1799,1733,1776,1745,1772,1745,5130,40218,1760,1804,1796,1799,1731,1763,1760,1810,1771,1760,1770,1773,1778,1769,1776,1809,1778,14186,10781,1682,887
SRR11461703,0,0,408,421,445,426,435,444,440,445,417,443,449,440,441,445,426,428,429,427,424,425,428,434,453,442,387,405,398,383,393,384,395,387,417,422,412,425,418,415,443,1701,1781,1781,1798,1799,1733,1776,1745,1772,1745,5145,40226,1759,1804,1796,1799,1731,1763,1760,1810,1771,1760,1770,1773,1778,1769,1776,1809,1778,14195,10785,1682,887
ERR230089,408,408,0,308,313,296,304,313,309,315,293,311,318,309,310,314,293,297,298,295,292,294,296,303,322,311,256,273,267,253,262,253,264,256,317,321,382,395,384,381,412,1725,1801,1804,1821,1822,1755,1798,1767,1794,1768,5146,40135,1784,1825,1819,1821,1746,1789,1784,1833,1795,1784,1793,1795,1802,1793,1798,1832,1800,14169,10767,1708,912
ERR2517377,421,421,308,0,342,322,332,344,337,343,319,339,346,339,338,342,323,325,326,323,320,322,325,331,350,339,284,302,294,281,290,281,292,284,327,331,392,405,396,393,422,1736,1812,1814,1831,1832,1765,1808,1777,1804,1777,5157,40189,1797,1835,1830,1831,1758,1799,1795,1843,1805,1793,1802,1805,1812,1803,1808,1842,1810,14191,10787,1719,923
ERR1203055,445,445,313,342,0,234,242,251,247,253,231,249,256,247,248,252,232,235,236,233,230,232,235,241,260,249,289,308,301,287,296,287,298,289,351,354,416,429,419,416,446,1760,1837,1838,1856,1857,1790,1833,1802,1829,1803,5139,40195,1820,1861,1853,1856,1783,1826,1822,1869,1831,1820,1829,1830,1838,1829,1833,1868,1835,14185,10785,1743,947
ERR294243,426,426,296,322,234,0,215,225,223,226,205,231,232,221,221,226,206,208,209,215,212,205,208,214,236,230,270,288,283,268,278,267,278,270,333,337,399,409,401,398,427,1737,1815,1818,1833,1834,1768,1811,1780,1807,1781,5140,40138,1799,1839,1832,1834,1761,1803,1798,1847,1809,1798,1807,1808,1816,1807,1811,1846,1813,14177,10779,1720,929
SRR11444026,435,435,304,332,242,215,0,103,231,105,148,238,240,99,104,168,149,73,88,222,219,116,91,89,244,239,278,298,290,277,286,277,288,278,341,345,407,419,410,407,434,1747,1821,1827,1843,1844,1777,1820,1789,1816,1790,5149,40191,1808,1847,1839,1842,1770,1811,1807,1855,1817,1805,1815,1816,1824,1815,1819,1853,1821,14192,10790,1730,936
SRR11444034,444,444,313,344,251,225,103,0,240,112,157,248,249,44,113,178,158,96,95,232,228,125,103,102,253,248,286,307,302,286,298,286,300,286,348,353,416,428,418,415,445,1760,1838,1841,1857,1858,1791,1834,1803,1830,1804,5149,40184,1822,1862,1854,1857,1787,1826,1823,1871,1832,1822,1830,1831,1839,1830,1834,1869,1836,14187,10787,1743,949
SRR11444072,440,440,309,337,247,223,231,240,0,242,219,244,215,236,237,241,222,224,225,228,225,221,224,230,219,244,284,303,296,282,291,282,293,284,345,348,412,424,409,409,440,1752,1827,1832,1846,1847,1783,1823,1792,1819,1793,5153,40197,1811,1851,1847,1849,1777,1815,1814,1859,1823,1813,1822,1822,1830,1822,1825,1861,1827,14193,10790,1735,932
SRR11444083,445,445,315,343,253,226,105,112,242,0,159,249,251,108,115,179,160,98,97,233,230,127,102,102,255,250,288,309,301,288,297,288,299,289,351,356,415,428,421,418,447,1758,1833,1838,1854,1855,1788,1831,1800,1827,1801,5151,40197,1819,1858,1851,1853,1779,1822,1818,1866,1828,1816,1826,1827,1835,1826,1830,1865,1832,14191,10789,1741,946
SRR11444105,417,417,293,319,231,205,148,157,219,159,0,228,229,153,154,118,81,141,140,212,209,138,138,147,233,228,268,287,280,266,275,266,276,268,328,331,390,403,393,390,421,1711,1789,1791,1805,1806,1741,1784,1753,1780,1754,5147,40187,1772,1811,1804,1806,1736,1774,1770,1819,1781,1770,1779,1780,1788,1779,1783,1817,1785,14188,10786,1693,896
SRR11444135,443,443,311,339,249,231,238,248,244,249,228,0,253,243,244,248,230,231,231,84,67,228,231,238,257,247,286,306,299,284,293,284,296,286,348,352,415,425,418,415,442,1757,1834,1836,1853,1854,1787,1830,1799,1826,1799,5149,40202,1818,1858,1851,1852,1780,1823,1819,1866,1828,1817,1826,1827,1835,1826,1830,1865,1832,14193,10788,1740,943
SRR11444148,449,449,318,346,256,232,240,249,215,251,229,253,0,245,246,250,231,233,234,237,234,230,233,239,145,253,292,310,305,290,300,290,301,291,355,359,421,433,424,421,449,1762,1841,1844,1859,1861,1794,1837,1806,1833,1807,5153,40200,1825,1865,1858,1860,1788,1830,1826,1873,1835,1824,1833,1834,1842,1833,1837,1872,1839,14192,10790,1747,951
SRR11444195,440,440,309,339,247,221,99,44,236,108,153,243,245,0,109,173,154,92,91,227,224,121,98,98,249,244,283,303,297,282,293,282,295,283,345,350,412,424,415,412,441,1756,1834,1837,1853,1854,1787,1830,1799,1826,1800,5150,40197,1818,1858,1850,1853,1783,1822,1818,1866,1828,1817,1826,1827,1835,1826,1830,1865,1832,14190,10788,1739,943
SRR11444206,441,441,310,338,248,221,104,113,237,115,154,244,246,109,0,174,155,97,98,227,225,122,97,103,250,245,283,303,295,282,291,282,293,283,346,351,413,425,416,413,442,1753,1828,1833,1849,1850,1783,1826,1795,1822,1796,5149,40179,1813,1853,1846,1848,1774,1817,1812,1860,1823,1811,1821,1822,1830,1821,1825,1860,1827,14192,10790,1736,942
SRR11444232,445,445,314,342,252,226,168,178,241,179,118,248,250,173,174,0,117,161,162,232,229,158,161,167,254,249,289,308,301,287,296,287,298,289,351,355,417,429,420,417,446,1758,1835,1837,1853,1855,1788,1831,1800,1827,1801,5148,40192,1819,1858,1851,1853,1782,1822,1818,1866,1828,1817,1826,1827,1835,1826,1830,1865,1832,14189,10790,1741,947
SRR11444253,426,426,293,323,232,206,149,158,222,160,81,230,231,154,155,117,0,141,140,214,211,139,140,148,235,230,270,289,281,268,276,268,278,270,332,336,396,410,399,396,427,1740,1817,1818,1835,1836,1769,1812,1781,1808,1782,5149,40197,1801,1839,1832,1834,1763,1803,1799,1846,1809,1798,1807,1807,1815,1807,1810,1845,1812,14192,10790,1723,928
SRR11444255,428,428,297,325,235,208,73,96,224,98,141,231,233,92,97,161,141,0,81,215,212,109,84,82,237,232,271,291,283,270,279,270,280,271,333,337,400,412,402,399,429,1740,1814,1819,1836,1837,1770,1813,1782,1809,1783,5150,40199,1800,1840,1833,1835,1764,1804,1799,1847,1810,1798,1808,1809,1817,1808,1812,1847,1814,14191,10788,1722,929
SRR11444264,429,429,298,326,236,209,88,95,225,97,140,231,234,91,98,162,140,81,0,217,214,110,83,87,238,233,271,291,284,270,280,270,281,271,335,339,399,413,401,398,430,1742,1816,1822,1838,1839,1772,1815,1784,1811,1785,5150,40200,1802,1842,1835,1837,1763,1806,1802,1850,1812,1800,1810,1811,1819,1810,1814,1849,1816,14192,10790,1725,930
SRR11444290,427,427,295,323,233,215,222,232,228,233,212,84,237,227,227,232,214,215,217,0,65,212,215,222,241,231,270,290,283,268,277,268,280,270,331,335,399,408,401,398,426,1732,1812,1816,1830,1831,1765,1808,1777,1804,1777,5143,40179,1797,1837,1830,1831,1761,1802,1799,1846,1807,1797,1805,1806,1814,1805,1809,1844,1811,14188,10781,1719,924
SRR11444372,424,424,292,320,230,212,219,228,225,230,209,67,234,224,225,229,211,212,214,65,0,209,212,219,238,228,267,287,280,265,274,265,277,267,329,333,396,406,399,396,423,1738,1815,1817,1834,1835,1768,1811,1780,1807,1780,5148,40200,1799,1839,1832,1833,1762,1804,1800,1847,1809,1798,1807,1808,1816,1807,1811,1846,1813,14194,10790,1721,925
SRR11444382,425,425,294,322,232,205,116,125,221,127,138,228,230,121,122,158,139,109,110,212,209,0,109,115,234,229,269,288,281,267,276,267,278,269,331,335,397,409,400,397,426,1737,1812,1817,1833,1834,1767,1810,1779,1806,1780,5149,40193,1797,1837,1830,1832,1760,1800,1796,1845,1807,1795,1805,1806,1814,1805,1809,1844,1811,14191,10788,1721,926
SRR11444394,428,428,296,325,235,208,91,103,224,102,138,231,233,98,97,161,140,84,83,215,212,109,0,90,237,232,271,290,283,270,279,270,281,271,334,338,398,412,401,398,429,1740,1815,1820,1836,1837,1770,1813,1782,1809,1783,5151,40198,1801,1840,1833,1835,1764,1803,1800,1847,1810,1798,1808,1809,1817,1808,1812,1847,1814,14192,10791,1723,929
SRR11461656,434,434,303,331,241,214,89,102,230,102,147,238,239,98,103,167,148,82,87,222,219,115,90,0,243,238,277,297,289,276,285,276,287,277,340,344,404,416,409,406,435,1745,1819,1825,1841,1842,1775,1818,1787,1814,1788,5149,40201,1807,1846,1839,1841,1767,1810,1806,1854,1816,1804,1814,1815,1823,1814,1818,1853,1820,14191,10791,1729,935
SRR11461664,453,453,322,350,260,236,244,253,219,255,233,257,145,249,250,254,235,237,238,241,238,234,237,243,0,257,297,315,309,295,304,295,306,297,359,363,424,437,428,425,453,1766,1846,1849,1864,1866,1799,1842,1811,1838,1812,5150,40205,1830,1870,1863,1865,1794,1835,1831,1878,1839,1829,1838,1839,1847,1838,1842,1877,1844,14193,10791,1752,955
SRR11461695,442,442,311,339,249,230,239,248,244,250,228,247,253,244,245,249,230,232,233,231,228,229,232,238,257,0,286,305,298,284,293,284,295,286,347,351,412,426,416,413,443,1757,1834,1836,1852,1854,1787,1830,1799,1826,1800,5150,40194,1818,1857,1850,1852,1778,1820,1816,1865,1827,1816,1825,1826,1834,1825,1829,1864,1831,14191,10787,1740,944
ERR1082123,387,387,256,284,289,270,278,286,284,288,268,286,292,283,283,289,270,271,271,270,267,269,271,277,297,286,0,174,176,153,172,152,172,0,292,293,358,370,362,359,388,1699,1776,1779,1794,1795,1729,1772,1741,1768,1742,5139,40192,1761,1800,1795,1796,1723,1763,1757,1808,1769,1759,1768,1770,1777,1768,1773,1807,1775,14187,10791,1681,888
ERR123947,405,405,273,302,308,288,298,307,303,309,287,306,310,303,303,308,289,291,291,290,287,288,290,297,315,305,174,0,194,169,190,169,190,174,309,310,377,389,380,377,406,1720,1796,1797,1813,1815,1749,1790,1761,1788,1762,5149,40166,1781,1820,1815,1816,1743,1782,1776,1828,1789,1779,1788,1790,1797,1788,1793,1827,1795,14180,10777,1702,908
ERR294242,398,398,267,294,301,283,290,302,296,301,280,299,305,297,295,301,281,283,284,283,280,281,283,289,309,298,176,194,0,173,149,173,151,176,304,306,370,382,372,369,398,1711,1788,1790,1807,1808,1741,1784,1753,1780,1754,5144,40157,1771,1812,1805,1808,1736,1775,1769,1820,1782,1771,1780,1782,1789,1780,1785,1819,1787,14171,10781,1695,900
ERR294244,383,383,253,281,287,268,277,286,282,288,266,284,290,282,282,287,268,270,270,268,265,267,270,276,295,284,153,169,173,0,169,0,168,153,289,290,356,368,359,356,385,1699,1775,1778,1793,1794,1728,1771,1740,1767,1741,5143,40166,1760,1799,1793,1794,1720,1764,1758,1807,1768,1758,1767,1769,1776,1767,1772,1806,1774,14173,10785,1681,886
ERR294249,393,393,262,290,296,278,286,298,291,297,275,293,300,293,291,296,276,279,280,277,274,276,279,285,304,293,172,190,149,169,0,169,144,172,299,301,364,377,367,364,393,1705,1782,1784,1800,1801,1735,1777,1747,1774,1748,5138,40161,1765,1806,1799,1802,1730,1768,1762,1814,1776,1765,1774,1776,1783,1774,1779,1813,1781,14176,10779,1689,895
ERR386983,384,384,253,281,287,267,277,286,282,288,266,284,290,282,282,287,268,270,270,268,265,267,270,276,295,284,152,169,173,0,169,0,168,152,289,290,356,368,359,356,385,1697,1775,1778,1793,1794,1728,1771,1740,1767,1741,5146,40167,1760,1799,1793,1794,1719,1764,1758,1807,1768,1758,1767,1769,1776,1767,1772,1806,1774,14178,10778,1681,886
ERR386988,395,395,264,292,298,278,288,300,293,299,276,296,301,295,293,298,278,280,281,280,277,278,281,287,306,295,172,190,151,168,144,168,0,172,301,303,366,379,369,365,395,1707,1781,1785,1800,1802,1736,1779,1748,1775,1749,5148,40167,1767,1807,1799,1803,1728,1767,1761,1814,1776,1765,1774,1777,1784,1775,1780,1814,1782,14177,10781,1691,897
SRR11461672,387,387,256,284,289,270,278,286,284,289,268,286,291,283,283,289,270,271,271,270,267,269,271,277,297,286,0,174,176,153,172,152,172,0,292,293,358,370,362,359,388,1699,1776,1779,1794,1795,1729,1772,1741,1768,1742,5147,40189,1761,1800,1795,1796,1723,1763,1757,1808,1769,1759,1768,1770,1777,1768,1773,1807,1775,14190,10789,1682,888
ERR046918,417,417,317,327,351,333,341,348,345,351,328,348,355,345,346,351,332,333,335,331,329,331,334,340,359,347,292,309,304,289,299,289,301,292,0,2,389,402,391,388,419,1729,1805,1808,1824,1825,1758,1801,1770,1797,1770,5141,40123,1789,1826,1821,1821,1752,1794,1791,1836,1798,1789,1797,1799,1806,1797,1802,1836,1804,14167,10774,1713,916
ERR046933,422,422,321,331,354,337,345,353,348,356,331,352,359,350,351,355,336,337,339,335,333,335,338,344,363,351,293,310,306,290,301,290,303,293,2,0,393,406,395,392,422,1733,1809,1812,1828,1828,1762,1805,1774,1801,1773,5141,40119,1793,1831,1826,1826,1754,1797,1794,1840,1801,1792,1800,1802,1809,1800,1805,1839,1807,14170,10773,1717,922
ERR1215476,412,412,382,392,416,399,407,416,412,415,390,415,421,412,413,417,396,400,399,399,396,397,398,404,424,412,358,377,370,356,364,356,366,358,389,393,0,250,260,257,334,1729,1806,1809,1824,1825,1760,1803,1772,1799,1772,5042,40083,1789,1831,1826,1827,1761,1796,1792,1838,1801,1790,1799,1800,1807,1799,1803,1838,1805,14089,10673,1712,917
ERR2510708,425,425,395,405,429,409,419,428,424,428,403,425,433,424,425,429,410,412,413,408,406,409,412,416,437,426,370,389,382,368,377,368,379,370,402,406,250,0,274,271,347,1736,1812,1813,1831,1832,1766,1809,1778,1805,1777,5154,40183,1795,1837,1831,1833,1764,1798,1793,1843,1805,1793,1802,1805,1812,1803,1808,1842,1810,14193,10791,1719,921
ERR751314,418,418,384,396,419,401,410,418,409,421,393,418,424,415,416,420,399,402,401,401,399,400,401,409,428,416,362,380,372,359,367,359,369,362,391,395,260,274,0,0,336,1728,1801,1805,1819,1820,1757,1795,1766,1791,1767,5153,40195,1786,1826,1824,1825,1755,1785,1783,1831,1797,1785,1795,1796,1801,1795,1799,1833,1801,14195,10789,1709,911
SRR11461650,415,415,381,393,416,398,407,415,409,418,390,415,421,412,413,417,396,399,398,398,396,397,398,406,425,413,359,377,369,356,364,356,365,359,388,392,257,271,0,0,333,1728,1801,1805,1819,1820,1757,1795,1766,1791,1767,5155,40193,1786,1827,1825,1826,1756,1786,1784,1832,1798,1786,1796,1797,1802,1796,1800,1834,1802,14194,10790,1706,911
ERR702410,443,443,412,422,446,427,434,445,440,447,421,442,449,441,442,446,427,429,430,426,423,426,429,435,453,443,388,406,398,385,393,385,395,388,419,422,334,347,336,333,0,1756,1832,1831,1850,1852,1786,1826,1798,1822,1797,5154,40180,1816,1857,1852,1852,1783,1817,1813,1865,1827,1816,1825,1827,1833,1825,1830,1864,1832,14190,10784,1742,946
ERR228182,1701,1701,1725,1736,1760,1737,1747,1760,1752,1758,1711,1757,1762,1756,1753,1758,1740,1740,1742,1732,1738,1737,1740,1745,1766,1757,1699,1720,1711,1699,1705,1697,1707,1699,1729,1733,1729,1736,1728,1728,1756,0,352,358,362,364,301,341,309,337,310,5139,40111,582,733,732,732,702,701,701,740,703,693,702,706,710,701,709,740,711,14177,10769,1019,965
ERR1082130,1781,1781,1801,1812,1837,1815,1821,1838,1827,1833,1789,1834,1841,1834,1828,1835,1817,1814,1816,1812,1815,1812,1815,1819,1846,1834,1776,1796,1788,1775,1782,1775,1781,1776,1805,1809,1806,1812,1801,1801,1832,352,0,250,301,302,240,281,249,275,348,5159,40196,630,789,788,790,761,759,759,796,758,749,758,762,766,756,765,796,767,14199,10787,1087,1044
ERR2510816,1781,1781,1804,1814,1838,1818,1827,1841,1832,1838,1791,1836,1844,1837,1833,1837,1818,1819,1822,1816,1817,1817,1820,1825,1849,1836,1779,1797,1790,1778,1784,1778,1785,1779,1808,1812,1809,1813,1805,1805,1831,358,250,0,309,310,247,289,256,283,355,5141,40040,635,795,795,796,763,766,766,802,763,755,764,768,770,761,771,802,773,14107,10739,1088,1045
ERR266538,1798,1798,1821,1831,1856,1833,1843,1857,1846,1854,1805,1853,1859,1853,1849,1853,1835,1836,1838,1830,1834,1833,1836,1841,1864,1852,1794,1813,1807,1793,1800,1793,1800,1794,1824,1828,1824,1831,1819,1819,1850,362,301,309,0,0,243,285,252,279,358,5149,40144,642,798,797,799,768,768,768,805,768,758,767,771,775,766,774,805,776,14178,10774,1098,1056
ERR403344,1799,1799,1822,1832,1857,1834,1844,1858,1847,1855,1806,1854,1861,1854,1850,1855,1836,1837,1839,1831,1835,1834,1837,1842,1866,1854,1795,1815,1808,1794,1801,1794,1802,1795,1825,1828,1825,1832,1820,1820,1852,364,302,310,0,0,243,285,252,279,359,5150,40169,643,799,798,800,769,768,768,806,769,759,768,772,776,767,775,806,777,14184,10772,1100,1056
SRR11444029,1733,1733,1755,1765,1790,1768,1777,1791,1783,1788,1741,1787,1794,1787,1783,1788,1769,1770,1772,1765,1768,1767,1770,1775,1799,1787,1729,1749,1741,1728,1735,1728,1736,1729,1758,1762,1760,1766,1757,1757,1786,301,240,247,243,243,0,106,63,100,296,5155,40181,579,737,737,738,709,707,707,744,707,697,706,710,714,705,713,744,715,14197,10785,1034,994
SRR11444138,1776,1776,1798,1808,1833,1811,1820,1834,1823,1831,1784,1830,1837,1830,1826,1831,1812,1813,1815,1808,1811,1810,1813,1818,1842,1830,1772,1790,1784,1771,1777,1771,1779,1772,1801,1805,1803,1809,1795,1795,1826,341,281,289,285,285,106,0,115,16,337,5157,40190,621,778,778,779,750,748,748,785,748,738,747,751,754,746,754,784,756,14199,10790,1078,1035
SRR11444139,1745,1745,1767,1777,1802,1780,1789,1803,1792,1800,1753,1799,1806,1799,1795,1800,1781,1782,1784,1777,1780,1779,1782,1787,1811,1799,1741,1761,1753,1740,1747,1740,1748,1741,1770,1774,1772,1778,1766,1766,1798,309,249,256,252,252,63,115,0,109,305,5157,40193,588,746,746,747,718,716,716,753,716,706,715,719,723,714,722,753,724,14200,10787,1046,1003
SRR11444361,1772,1772,1794,1804,1829,1807,1816,1830,1819,1827,1780,1826,1833,1826,1822,1827,1808,1809,1811,1804,1807,1806,1809,1814,1838,1826,1768,1788,1780,1767,1774,1767,1775,1768,1797,1801,1799,1805,1791,1791,1822,337,275,283,279,279,100,16,109,0,332,5157,40191,615,773,773,774,745,743,743,780,743,733,742,746,749,741,749,780,751,14200,10790,1073,1030
ERR2517594,1745,1745,1768,1777,1803,1781,1790,1804,1793,1801,1754,1799,1807,1800,1796,1801,1782,1783,1785,1777,1780,1780,1783,1788,1812,1800,1742,1762,1754,1741,1748,1741,1749,1742,1770,1773,1772,1777,1767,1767,1797,310,348,355,358,359,296,337,305,332,0,5156,40192,590,747,747,748,719,717,717,754,717,707,716,720,724,715,723,754,725,14196,10788,1047,1005
ERR1063896,5130,5145,5146,5157,5139,5140,5149,5149,5153,5151,5147,5149,5153,5150,5149,5148,5149,5150,5150,5143,5148,5149,5151,5149,5150,5150,5139,5149,5144,5143,5138,5146,5148,5147,5141,5141,5042,5154,5153,5155,5154,5139,5159,5141,5149,5150,5155,5157,5157,5157,5156,0,8338,5155,5151,5150,5154,5087,5148,5146,5152,5150,5156,5154,5154,5155,5156,5155,5154,5155,4471,3647,5155,5121
ERR181744,40218,40226,40135,40189,40195,40138,40191,40184,40197,40197,40187,40202,40200,40197,40179,40192,40197,40199,40200,40179,40200,40193,40198,40201,40205,40194,40192,40166,40157,40166,40161,40167,40167,40189,40123,40119,40083,40183,40195,40193,40180,40111,40196,40040,40144,40169,40181,40190,40193,40191,40192,8338,0,40184,40162,40111,40145,39425,40054,40036,40170,40163,40186,40185,40191,40185,40190,40194,40197,40191,11681,8924,40161,40218
ERR2517500,1760,1759,1784,1797,1820,1799,1808,1822,1811,1819,1772,1818,1825,1818,1813,1819,1801,1800,1802,1797,1799,1797,1801,1807,1830,1818,1761,1781,1771,1760,1765,1760,1767,1761,1789,1793,1789,1795,1786,1786,1816,582,630,635,642,643,579,621,588,615,590,5155,40184,0,764,764,763,734,736,735,771,735,726,735,738,742,733,741,773,743,14194,10787,1058,1021
ERR2510777,1804,1804,1825,1835,1861,1839,1847,1862,1851,1858,1811,1858,1865,1858,1853,1858,1839,1840,1842,1837,1839,1837,1840,1846,1870,1857,1800,1820,1812,1799,1806,1799,1807,1800,1826,1831,1831,1837,1826,1827,1857,733,789,795,798,799,737,778,746,773,747,5151,40162,764,0,1,1,291,272,272,100,250,262,271,273,257,248,276,296,278,14187,10779,1106,1067
ERR2510786,1796,1796,1819,1830,1853,1832,1839,1854,1847,1851,1804,1851,1858,1850,1846,1851,1832,1833,1835,1830,1832,1830,1833,1839,1863,1850,1795,1815,1805,1793,1799,1793,1799,1795,1821,1826,1826,1831,1824,1825,1852,732,788,795,797,798,737,778,746,773,747,5150,40111,764,1,0,0,291,273,273,101,250,263,272,274,257,248,277,297,279,14168,10780,1103,1064
ERR2510791,1799,1799,1821,1831,1856,1834,1842,1857,1849,1853,1806,1852,1860,1853,1848,1853,1834,1835,1837,1831,1833,1832,1835,1841,1865,1852,1796,1816,1808,1794,1802,1794,1803,1796,1821,1826,1827,1833,1825,1826,1852,732,790,796,799,800,738,779,747,774,748,5154,40145,763,1,0,0,292,273,273,101,251,262,271,274,258,249,277,297,279,14181,10785,1103,1066
ERR270805,1731,1731,1746,1758,1783,1761,1770,1787,1777,1779,1736,1780,1788,1783,1774,1782,1763,1764,1763,1761,1762,1760,1764,1767,1794,1778,1723,1743,1736,1720,1730,1719,1728,1723,1752,1754,1761,1764,1755,1756,1783,702,761,763,768,769,709,750,718,745,719,5087,39425,734,291,291,292,0,255,255,294,256,251,259,258,262,255,261,296,263,13936,10639,1065,1014
ERR351927,1763,1763,1789,1799,1826,1803,1811,1826,1815,1822,1774,1823,1830,1822,1817,1822,1803,1804,1806,1802,1804,1800,1803,1810,1835,1820,1763,1782,1775,1764,1768,1764,1767,1763,1794,1797,1796,1798,1785,1786,1817,701,759,766,768,768,707,748,716,743,717,5148,40054,736,272,273,273,255,0,0,280,242,234,243,246,249,240,249,281,251,14123,10715,1073,1030
ERR386859,1760,1760,1784,1795,1822,1798,1807,1823,1814,1818,1770,1819,1826,1818,1812,1818,1799,1799,1802,1799,1800,1796,1800,1806,1831,1816,1757,1776,1769,1758,1762,1758,1761,1757,1791,1794,1792,1793,1783,1784,1813,701,759,766,768,768,707,748,716,743,717,5146,40036,735,272,273,273,255,0,0,280,241,234,243,246,248,239,249,281,251,14113,10716,1070,1027
ERR387025,1810,1810,1833,1843,1869,1847,1855,1871,1859,1866,1819,1866,1873,1866,1860,1866,1846,1847,1850,1846,1847,1845,1847,1854,1878,1865,1808,1828,1820,1807,1814,1807,1814,1808,1836,1840,1838,1843,1831,1832,1865,740,796,802,805,806,744,785,753,780,754,5152,40170,771,100,101,101,294,280,280,0,257,269,278,282,264,255,285,304,287,14189,10782,1113,1072
SRR11443985,1771,1771,1795,1805,1831,1809,1817,1832,1823,1828,1781,1828,1835,1828,1823,1828,1809,1810,1812,1807,1809,1807,1810,1816,1839,1827,1769,1789,1782,1768,1776,1768,1776,1769,1798,1801,1801,1805,1797,1798,1827,703,758,763,768,769,707,748,716,743,717,5150,40163,735,250,250,251,256,242,241,257,0,232,241,243,77,16,246,267,248,14189,10784,1073,1035
SRR11443992,1760,1760,1784,1793,1820,1798,1805,1822,1813,1816,1770,1817,1824,1817,1811,1817,1798,1798,1800,1797,1798,1795,1798,1804,1829,1816,1759,1779,1771,1758,1765,1758,1765,1759,1789,1792,1790,1793,1785,1786,1816,693,749,755,758,759,697,738,706,733,707,5156,40186,726,262,263,262,251,234,234,269,232,0,75,235,239,230,238,269,240,14197,10789,1064,1025
SRR11444012,1770,1770,1793,1802,1829,1807,1815,1830,1822,1826,1779,1826,1833,1826,1821,1826,1807,1808,1810,1805,1807,1805,1808,1814,1838,1825,1768,1788,1780,1767,1774,1767,1774,1768,1797,1800,1799,1802,1795,1796,1825,702,758,764,767,768,706,747,715,742,716,5154,40185,735,271,272,271,259,243,243,278,241,75,0,244,248,239,247,278,249,14197,10789,1072,1035
SRR11444057,1773,1773,1795,1805,1830,1808,1816,1831,1822,1827,1780,1827,1834,1827,1822,1827,1807,1809,1811,1806,1808,1806,1809,1815,1839,1826,1770,1790,1782,1769,1776,1769,1777,1770,1799,1802,1800,1805,1796,1797,1827,706,762,768,771,772,710,751,719,746,720,5154,40191,738,273,274,274,258,246,246,282,243,235,244,0,252,242,7,282,9,14194,10787,1075,1038
SRR11444103,1778,1778,1802,1812,1838,1816,1824,1839,1830,1835,1788,1835,1842,1835,1830,1835,1815,1817,1819,1814,1816,1814,1817,1823,1847,1834,1777,1797,1789,1776,1783,1776,1784,1777,1806,1809,1807,1812,1801,1802,1833,710,766,770,775,776,714,754,723,749,724,5155,40185,742,257,257,258,262,249,248,264,77,239,248,252,0,75,255,274,257,14196,10786,1080,1042
SRR11444185,1769,1769,1793,1803,1829,1807,1815,1830,1822,1826,1779,1826,1833,1826,1821,1826,1807,1808,1810,1805,1807,1805,1808,1814,1838,1825,1768,1788,1780,1767,1774,1767,1775,1768,1797,1800,1799,1803,1795,1796,1825,701,756,761,766,767,705,746,714,741,715,5156,40190,733,248,248,249,255,240,239,255,16,230,239,242,75,0,245,265,247,14196,10788,1072,1034
SRR11444238,1776,1776,1798,1808,1833,1811,1819,1834,1825,1830,1783,1830,1837,1830,1825,1830,1810,1812,1814,1809,1811,1809,1812,1818,1842,1829,1773,1793,1785,1772,1779,1772,1780,1773,1802,1805,1803,1808,1799,1800,1830,709,765,771,774,775,713,754,722,749,723,5155,40194,741,276,277,277,261,249,249,285,246,238,247,7,255,245,0,285,4,14196,10789,1076,1041
SRR11444239,1809,1809,1832,1842,1868,1846,1853,1869,1861,1865,1817,1865,1872,1865,1860,1865,1845,1847,1849,1844,1846,1844,1847,1853,1877,1864,1807,1827,1819,1806,1813,1806,1814,1807,1836,1839,1838,1842,1833,1834,1864,740,796,802,805,806,744,784,753,780,754,5154,40197,773,296,297,297,296,281,281,304,267,269,278,282,274,265,285,0,287,14197,10788,1110,1073
SRR11444391,1778,1778,1800,1810,1835,1813,1821,1836,1827,1832,1785,1832,1839,1832,1827,1832,1812,1814,1816,1811,1813,1811,1814,1820,1844,1831,1775,1795,1787,1774,1781,1774,1782,1775,1804,1807,1805,1810,1801,1802,1832,711,767,773,776,777,715,756,724,751,725,5155,40191,743,278,279,279,263,251,251,287,248,240,249,9,257,247,4,287,0,14197,10789,1080,1043
ERR176778,14186,14195,14169,14191,14185,14177,14192,14187,14193,14191,14188,14193,14192,14190,14192,14189,14192,14191,14192,14188,14194,14191,14192,14191,14193,14191,14187,14180,14171,14173,14176,14178,14177,14190,14167,14170,14089,14193,14195,14194,14190,14177,14199,14107,14178,14184,14197,14199,14200,14200,14196,4471,11681,14194,14187,14168,14181,13936,14123,14113,14189,14189,14197,14197,14194,14196,14196,14196,14197,14197,0,5611,14191,14173
ERR216938,10781,10785,10767,10787,10785,10779,10790,10787,10790,10789,10786,10788,10790,10788,10790,10790,10790,10788,10790,10781,10790,10788,10791,10791,10791,10787,10791,10777,10781,10785,10779,10778,10781,10789,10774,10773,10673,10791,10789,10790,10784,10769,10787,10739,10774,10772,10785,10790,10787,10790,10788,3647,8924,10787,10779,10780,10785,10639,10715,10716,10782,10784,10789,10789,10787,10786,10788,10789,10788,10789,5611,0,10778,10771
ERR387038,1682,1682,1708,1719,1743,1720,1730,1743,1735,1741,1693,1740,1747,1739,1736,1741,1723,1722,1725,1719,1721,1721,1723,1729,1752,1740,1681,1702,1695,1681,1689,1681,1691,1682,1713,1717,1712,1719,1709,1706,1742,1019,1087,1088,1098,1100,1034,1078,1046,1073,1047,5155,40161,1058,1106,1103,1103,1065,1073,1070,1113,1073,1064,1072,1075,1080,1072,1076,1110,1080,14191,10778,0,946
Mtb_H37Rv_ancestral,887,887,912,923,947,929,936,949,932,946,896,943,951,943,942,947,928,929,930,924,925,926,929,935,955,944,888,908,900,886,895,886,897,888,916,922,917,921,911,911,946,965,1044,1045,1056,1056,994,1035,1003,1030,1005,5121,40218,1021,1067,1064,1066,1014,1030,1027,1072,1035,1025,1035,1038,1042,1034,1041,1073,1043,14173,10771,946,0
